brand,model,25%,75%
ACURA,CL,850000.0,850000.0
ACURA,EL,250000.0,250000.0
ACURA,ILX,2000000.0,2359750.0
ACURA,MDX,666250.0,2651000.0
ACURA,NSX,20860000.0,20860000.0
ACURA,RDX,1150000.0,1800000.0
ACURA,RL,800000.0,800000.0
ACURA,RSX,625000.0,750000.0
ACURA,TL,466500.0,555500.0
ACURA,TLX,1762500.0,2187250.0
ACURA,TSX,1272500.0,1365000.0
ACURA,ZDX,1812500.0,2050000.0
ALFA ROMEO,145,168750.0,176250.0
ALFA ROMEO,146,104750.0,408750.0
ALFA ROMEO,147,385000.0,592500.0
ALFA ROMEO,155,136750.0,170250.0
ALFA ROMEO,156,200000.0,411250.0
ALFA ROMEO,159,722500.0,1212250.0
ALFA ROMEO,164,103650.0,447500.0
ALFA ROMEO,166,400000.0,489500.0
ALFA ROMEO,33,650000.0,650000.0
ALFA ROMEO,75,280000.0,280000.0
ALFA ROMEO,8C COMPETIZIONE,29500000.0,29500000.0
ALFA ROMEO,BRERA,970000.0,1040000.0
ALFA ROMEO,GT,430000.0,555000.0
ALFA ROMEO,GTV,845000.0,950000.0
ALFA ROMEO,GIULIA,2955000.0,4470000.0
ALFA ROMEO,GIULIETTA,997500.0,1424250.0
ALFA ROMEO,MITO,849500.0,1292500.0
ALFA ROMEO,SPIDER,1400000.0,3000000.0
ALFA ROMEO,STELVIO,2750000.0,3621000.0
AUDI,100,100000.0,245000.0
AUDI,200,131250.0,197500.0
AUDI,80,90000.0,200000.0
AUDI,90,100000.0,160000.0
AUDI,A1,820000.0,1179250.0
AUDI,A2,370000.0,447000.0
AUDI,A3,688000.0,1700000.0
AUDI,A4,450000.0,1750000.0
AUDI,A4 ALLROAD,1405000.0,2894750.0
AUDI,A5,1050000.0,3150000.0
AUDI,A6,500000.0,2200000.0
AUDI,A6 ALLROAD,630000.0,2250000.0
AUDI,A7,1720000.0,3550925.0
AUDI,A8,950000.0,3112500.0
AUDI,Q2,1921250.0,3497500.0
AUDI,Q3,1509000.0,3030000.0
AUDI,Q3 SPORTBACK,4075000.0,4567500.0
AUDI,Q4 E TRON,5144175.0,5232525.0
AUDI,Q5,1376000.0,3687500.0
AUDI,Q5 SPORTBACK,6646938.75,7979130.0
AUDI,Q5 E TRON,6165000.0,7667500.0
AUDI,Q6,8495000.0,8495000.0
AUDI,Q7,1650000.0,4700000.0
AUDI,Q8,6500000.0,7300000.0
AUDI,R8,5916675.0,13530000.0
AUDI,RS 3,3060000.0,4175000.0
AUDI,RS 4,5381250.0,7562499.25
AUDI,RS 5,2800000.0,6700000.0
AUDI,RS 6,4700000.0,12610000.0
AUDI,RS 7,4600000.0,7800000.0
AUDI,RS Q3,2050000.0,3075000.0
AUDI,RS Q8,14112250.0,16922500.0
AUDI,RS E TRON GT,13200000.0,13200000.0
AUDI,S3,1099250.0,1625000.0
AUDI,S4,1481197.25,3712500.0
AUDI,S5,1450000.0,3750000.0
AUDI,S6,1999999.0,5700000.0
AUDI,S7,3025000.0,10000000.0
AUDI,S8,1137500.0,10762500.0
AUDI,SQ5,3887500.0,7512500.0
AUDI,SQ7,10075000.0,13616433.0
AUDI,SQ8,10924250.0,15075000.0
AUDI,TT,925000.0,3354000.0
AUDI,TT RS,2825000.0,5712500.0
AUDI,TTS,3188750.0,4479250.0
AUDI,V8,235000.0,562500.0
AUDI,E TRON,6477500.0,8866000.0
AUDI,E TRON GT,9520000.0,9850000.0
AUDI,E TRON S,9150000.0,11218500.0
AUDI,E TRON S SPORTBACK,10117500.0,10372500.0
BAIC,BJ40,2750000.0,3591250.0
BAIC,BJ60,5400000.0,5400000.0
BAIC,X7,2295500.0,2500000.0
BMW,1 СЕРИИ,795000.0,1489750.0
BMW,1M,3074999.5,5575000.0
BMW,2 СЕРИИ,2900000.0,3700000.0
BMW,2 СЕРИИ ACTIVE TOURER,1493750.0,2387500.0
BMW,2 СЕРИИ GRAN TOURER,1650000.0,2100000.0
BMW,3 СЕРИИ,700000.0,2150000.0
BMW,321,452500.0,1750000.0
BMW,326,2000000.0,2000000.0
BMW,340,1350000.0,3750000.0
BMW,4 СЕРИИ,2570000.0,5940000.0
BMW,5 СЕРИИ,750000.0,2999000.0
BMW,502,16500000.0,16500000.0
BMW,6 СЕРИИ,1899999.5,4630000.0
BMW,600,4999999.25,4999999.75
BMW,7 СЕРИИ,850000.0,4500000.0
BMW,8 СЕРИИ,7499750.0,9000000.0
BMW,M2,4695000.0,5925000.0
BMW,M3,2800000.0,11287075.0
BMW,M4,8799999.0,12900000.0
BMW,M5,6675000.0,12840939.5
BMW,M6,2500000.0,5000000.0
BMW,M8,13447350.0,18000000.0
BMW,X1,1247250.0,2469000.0
BMW,X2,2390000.0,3150000.0
BMW,X3,1450000.0,4100000.0
BMW,X3 M,7200000.0,10500000.0
BMW,X4,2929000.0,6190000.0
BMW,X4 M,6888515.0,9732576.5
BMW,X5,1465000.0,6350000.0
BMW,X5 M,2500000.0,12399000.0
BMW,X6,1780000.0,8500000.0
BMW,X6 M,2222222.0,11100000.0
BMW,X7,8200000.0,14800000.0
BMW,XM,25000000.0,27990000.0
BMW,Z3,1232500.0,2875000.0
BMW,Z3 M,2275000.0,2425000.0
BMW,Z4,2044500.0,4998000.0
BMW,I3,1752500.0,2597500.0
BMW,I4,6050000.0,8495000.0
BMW,I7,18000000.0,19240000.0
BMW,I8,5904750.0,6525000.0
BMW,IX,9399000.0,13350000.0
BYD,DESTROYER 05,2910000.0,2910000.0
BYD,DOLPHIN,1940000.0,2500000.0
BYD,E6,1645000.0,2970000.0
BYD,F3,155000.0,267000.0
BYD,FLYER,89000.0,126499.75
BYD,FRIGATE 07,3283750.0,4641250.0
BYD,HAN,4600000.0,6270000.0
BYD,QIN,2595000.0,2935000.0
BYD,SEAL,4035000.0,4874999.5
BYD,SONG EV,2460000.0,2460000.0
BYD,SONG MAX,1650000.0,2000000.0
BYD,SONG PLUS,3860000.0,4100000.0
BYD,SONG PRO,2662500.0,3087500.0
BYD,TANG,4421625.0,6100000.0
BYD,YANGWANG U8,17125000.0,17175000.0
BYD,YUAN,1980000.0,2850000.0
BYD,E2,2350000.0,2350000.0
BENTLEY,ARNAGE,1990000.0,4000000.0
BENTLEY,AZURE,17250000.0,25000000.0
BENTLEY,BENTAYGA,12985000.0,29000000.0
BENTLEY,CONTINENTAL,17275000.0,18425000.0
BENTLEY,CONTINENTAL FLYING SPUR,1962499.75,3087500.0
BENTLEY,CONTINENTAL GT,2756250.0,8125000.0
BENTLEY,EIGHT,4500000.0,6500000.0
BENTLEY,FLYING SPUR,6000000.0,27850000.0
BENTLEY,MULSANNE,7833332.75,31000000.0
BENTLEY,S,3200000.0,3200000.0
BUICK,CASCADA,1671750.0,1817250.0
BUICK,CENTURY,265000.0,265000.0
BUICK,ELECTRA,550000.0,550000.0
BUICK,ENCLAVE,1650000.0,1650000.0
BUICK,ENCORE,1545000.0,1740000.0
BUICK,ENCORE GX,1925000.0,2000000.0
BUICK,ENVISION,3250000.0,3987500.0
BUICK,ESTATE WAGON,250000.0,250000.0
BUICK,EXCELLE,2365000.0,2365000.0
BUICK,GL8,6280500.0,6688000.0
BUICK,LACROSSE,4110000.0,4110000.0
BUICK,LESABRE,797091.25,2625000.0
BUICK,REGAL,1412500.0,1537500.0
BUICK,RENDEZVOUS,440000.0,550000.0
BUICK,RIVIERA,2399250.0,4199750.0
BUICK,ROADMASTER,300000.0,300000.0
BUICK,SKYLARK,1800000.0,1800000.0
BUICK,SPECIAL,4400000.0,4800000.0
BUICK,WILDCAT,4500000.0,4500000.0
CADILLAC,ATS,1365649.0,1699250.0
CADILLAC,BLS,490000.0,690000.0
CADILLAC,BROUGHAM,1725000.0,3175000.0
CADILLAC,CT4,2650000.0,2650000.0
CADILLAC,CT5,3848000.0,4873500.0
CADILLAC,CT6,3154000.0,4707000.0
CADILLAC,CTS,682500.0,1288575.0
CADILLAC,CTS V,4250000.0,4950000.0
CADILLAC,CATERA,337500.0,362500.0
CADILLAC,DEVILLE,1300000.0,3600000.0
CADILLAC,ELR,2262500.0,2287500.0
CADILLAC,ELDORADO,1011750.0,4365000.0
CADILLAC,ESCALADE,1800000.0,11200000.0
CADILLAC,ESCALADE V,22900000.0,24008000.0
CADILLAC,FLEETWOOD,1350000.0,2775000.0
CADILLAC,LYRIQ,8395000.0,8395000.0
CADILLAC,SRX,900000.0,1450000.0
CADILLAC,STS,525000.0,675000.0
CADILLAC,SEVILLE,475000.0,750000.0
CADILLAC,XT4,2887250.0,3637500.0
CADILLAC,XT5,2970000.0,4349995.0
CADILLAC,XT6,5052500.0,5605000.0
CADILLAC,XTS,4000000.0,4000000.0
CHANGAN,ALSVIN,1812475.0,1900000.0
CHANGAN,AUCHAN A600 EV,2100000.0,2100000.0
CHANGAN,BENNI,250000.0,250000.0
CHANGAN,CS15,1799000.0,1799000.0
CHANGAN,CS35,750000.0,1100000.0
CHANGAN,CS35PLUS,1750000.0,1940000.0
CHANGAN,CS55,1800000.0,2005000.0
CHANGAN,CS55PLUS,1800000.0,2100000.0
CHANGAN,CS75,1750000.0,2350000.0
CHANGAN,CS75PLUS,1990000.0,2950000.0
CHANGAN,CS85,1805000.0,2549000.0
CHANGAN,CS95,2050000.0,2296321.0
CHANGAN,EADO,570000.0,1431750.0
CHANGAN,EADO PLUS,1712500.0,2430500.0
CHANGAN,EXPLORER,3035000.0,3362500.0
CHANGAN,KAICENE F70,2950000.0,2950000.0
CHANGAN,LAMORE,2067000.0,2397000.0
CHANGAN,RAETON,1250000.0,1250000.0
CHANGAN,SHENLAN SL03,2253750.0,2951250.0
CHANGAN,UNI K,2625000.0,3057500.0
CHANGAN,UNI T,1650000.0,1939500.0
CHANGAN,UNI V,2499777.0,2499777.0
CHERY,AMULET,80000.0,150000.0
CHERY,ARRIZO 6,1197000.0,1197000.0
CHERY,ARRIZO 7,586250.0,628750.0
CHERY,ARRIZO 8,2000000.0,2699000.0
CHERY,BONUS,180000.0,270000.0
CHERY,BONUS 3,490000.0,587500.0
CHERY,CROSSEASTAR,300000.0,485000.0
CHERY,FORA,160000.0,230000.0
CHERY,INDIS,270000.0,390000.0
CHERY,KIMO,165000.0,250000.0
CHERY,M11,250000.0,347000.0
CHERY,QQ6,120000.0,202500.0
CHERY,SWEET,135000.0,185000.0
CHERY,TIGGO,270000.0,532500.0
CHERY,TIGGO 2,1099000.0,1200000.0
CHERY,TIGGO 3,984500.0,1194500.0
CHERY,TIGGO 3X,1575675.0,1833900.0
CHERY,TIGGO 4,1625000.0,1716000.0
CHERY,TIGGO 4 PRO,1999742.5,2206750.0
CHERY,TIGGO 5,938250.0,1209975.0
CHERY,TIGGO 7,1549000.0,1740900.0
CHERY,TIGGO 7 PLUS,2090000.0,2420000.0
CHERY,TIGGO 7 PRO,1550000.0,2200000.0
CHERY,TIGGO 7 PRO MAX,2470000.0,2689789.0
CHERY,TIGGO 8,2200006.0,2850000.0
CHERY,TIGGO 8 PRO,2449000.0,2745000.0
CHERY,TIGGO 8 PRO MAX,3134750.0,3500750.0
CHERY,TIGGO 8 PRO EPLUS,3399000.0,3820000.0
CHERY,TIGGO 9,3685000.0,4397500.0
CHERY,VERY,247750.0,333750.0
CHEVROLET,3000 SERIES,6300000.0,6300000.0
CHEVROLET,ASTRO,350000.0,933750.0
CHEVROLET,AVALANCHE,1325000.0,1875000.0
CHEVROLET,AVEO,280000.0,629000.0
CHEVROLET,BLAZER,170000.0,331500.0
CHEVROLET,BLAZER K5,1324500.0,1974500.0
CHEVROLET,BOLT,1997499.25,2286250.0
CHEVROLET,CAMARO,2092500.0,3165000.0
CHEVROLET,CAPRICE,729000.0,1200000.0
CHEVROLET,CAPTIVA,800000.0,1400000.0
CHEVROLET,COBALT,709000.0,1289000.0
CHEVROLET,COLORADO,2650000.0,4428000.0
CHEVROLET,CORSICA,50000.0,100000.0
CHEVROLET,CORVETTE,5825000.0,12207000.0
CHEVROLET,CRUZE,555000.0,750000.0
CHEVROLET,CRUZE,310000.0,310000.0
CHEVROLET,EPICA,450000.0,630000.0
CHEVROLET,EQUINOX,1697300.0,2287500.0
CHEVROLET,EVANDA,302500.0,420000.0
CHEVROLET,EXPRESS,1950000.0,3777777.0
CHEVROLET,GROOVE,2145000.0,2277500.0
CHEVROLET,HHR,600000.0,820000.0
CHEVROLET,IMPALA,600000.0,600000.0
CHEVROLET,KALOS,276750.0,330250.0
CHEVROLET,LACETTI,290000.0,380000.0
CHEVROLET,LANOS,110000.0,170000.0
CHEVROLET,LUMINA,177500.0,226250.0
CHEVROLET,MW,304750.0,422500.0
CHEVROLET,MALIBU,1350000.0,1750000.0
CHEVROLET,MONZA,2236750.0,2332250.0
CHEVROLET,NEXIA,1047500.0,1250000.0
CHEVROLET,NIVA,300000.0,437500.0
CHEVROLET,ONIX,2183750.0,2251250.0
CHEVROLET,ORLANDO,880000.0,1150000.0
CHEVROLET,REZZO,335000.0,449000.0
CHEVROLET,S 10 PICKUP,800000.0,2962500.0
CHEVROLET,SILVERADO,2961500.0,7921500.0
CHEVROLET,SPARK,300000.0,574000.0
CHEVROLET,SUBURBAN,1137500.0,2850000.0
CHEVROLET,TACUMA,295000.0,295000.0
CHEVROLET,TAHOE,1700000.0,6500000.0
CHEVROLET,TRACKER,365000.0,1250000.0
CHEVROLET,TRAILBLAZER,750000.0,1800005.0
CHEVROLET,TRAVERSE,2990000.0,3860000.0
CHEVROLET,TRAX,1350000.0,1679000.0
CHEVROLET,VAN,799000.0,990000.0
CHEVROLET,VIVA,220000.0,280000.0
CHEVROLET,VOLT,1100000.0,1327500.0
CHRYSLER,200,1199000.0,1230000.0
CHRYSLER,300C,750000.0,1100000.0
CHRYSLER,300M,258750.0,349750.0
CHRYSLER,CIRRUS,121250.0,245000.0
CHRYSLER,CONCORDE,232500.0,405000.0
CHRYSLER,CROSSFIRE,912500.0,1712500.0
CHRYSLER,DYNASTY,370000.0,370000.0
CHRYSLER,IMPERIAL,1687500.0,2562500.0
CHRYSLER,INTREPID,174000.0,322500.0
CHRYSLER,LHS,250000.0,350000.0
CHRYSLER,LEBARON,300000.0,300000.0
CHRYSLER,NEON,150000.0,195000.0
CHRYSLER,NEW YORKER,190000.0,190000.0
CHRYSLER,PT CRUISER,275000.0,450000.0
CHRYSLER,PACIFICA,400000.0,582500.0
CHRYSLER,PROWLER,3450000.0,3450000.0
CHRYSLER,SARATOGA,150000.0,160000.0
CHRYSLER,SEBRING,300000.0,597500.0
CHRYSLER,STRATUS,115000.0,175000.0
CHRYSLER,TOWN & COUNTRY,504250.0,900000.0
CHRYSLER,VISION,145000.0,163250.0
CHRYSLER,VOYAGER,315000.0,607500.0
CITROEN,BERLINGO,370000.0,740000.0
CITROEN,C CROSSER,922500.0,1112000.0
CITROEN,C ELYSEE,470000.0,657000.0
CITROEN,C1,381250.0,495000.0
CITROEN,C2,245000.0,360000.0
CITROEN,C3,277500.0,499250.0
CITROEN,C3 AIRCROSS,1511250.0,1899999.75
CITROEN,C3 PICASSO,460000.0,600000.0
CITROEN,C4,369000.0,659999.0
CITROEN,C4 AIRCROSS,903750.0,1199750.0
CITROEN,C4 CACTUS,1210000.0,1444000.0
CITROEN,C4 PICASSO,550000.0,1100000.0
CITROEN,C4 SPACETOURER,1790000.0,1962000.0
CITROEN,C5,390000.0,650000.0
CITROEN,C5 AIRCROSS,2050250.0,3143750.0
CITROEN,C5 X,3279000.0,3317000.0
CITROEN,C6,887926.75,1511341.75
CITROEN,DS,5900000.0,5900000.0
CITROEN,DS3,562500.0,725000.0
CITROEN,DS4,760000.0,895000.0
CITROEN,DS5,1077750.0,1221750.0
CITROEN,GS,167000.0,167000.0
CITROEN,JUMPY,1307500.0,2637500.0
CITROEN,NEMO,410000.0,450000.0
CITROEN,SAXO,112500.0,130000.0
CITROEN,SPACETOURER,2540000.0,3300000.0
CITROEN,XM,299500.0,364500.0
CITROEN,XANTIA,165000.0,230000.0
CITROEN,XSARA,137500.0,250000.0
CITROEN,XSARA PICASSO,230000.0,350000.0
DACIA,DOKKER,1430000.0,1430000.0
DACIA,DUSTER,1356250.0,1803000.0
DACIA,LOGAN,290000.0,560000.0
DACIA,SANDERO,353750.0,437500.0
DACIA,SOLENZA,80000.0,80000.0
DACIA,SUPERNOVA,195000.0,195000.0
DAEWOO,DAMAS,195250.0,242250.0
DAEWOO,ESPERO,70000.0,120000.0
DAEWOO,GENTRA,459000.0,645000.0
DAEWOO,KALOS,242500.0,277500.0
DAEWOO,LACETTI,427500.0,512500.0
DAEWOO,LACETTI PREMIERE,540000.0,584500.0
DAEWOO,LANOS,172250.0,287500.0
DAEWOO,LEGANZA,160000.0,280000.0
DAEWOO,MAGNUS,199250.0,243750.0
DAEWOO,MATIZ,110000.0,165000.0
DAEWOO,MATIZ CREATIVE,550000.0,550000.0
DAEWOO,NEXIA,75000.0,175000.0
DAEWOO,NUBIRA,117000.0,170000.0
DAEWOO,PRINCE,177500.0,205000.0
DAEWOO,REZZO,196250.0,365500.0
DAEWOO,SENS,182500.0,226250.0
DAEWOO,TACUMA,168750.0,176250.0
DAEWOO,TICO,60000.0,90999.0
DAEWOO,WINSTORM,635000.0,755000.0
DAIHATSU,APPLAUSE,125000.0,125000.0
DAIHATSU,ATRAI,442500.0,746250.0
DAIHATSU,BE GO,750000.0,850000.0
DAIHATSU,BOON,615000.0,879500.0
DAIHATSU,CAST,783750.0,1050000.0
DAIHATSU,CHARADE,150000.0,210000.0
DAIHATSU,COO,574000.0,574000.0
DAIHATSU,COPEN,671250.0,852500.0
DAIHATSU,CUORE,204000.0,291250.0
DAIHATSU,DELTA WAGON,370000.0,370000.0
DAIHATSU,ESSE,260000.0,310000.0
DAIHATSU,FEROZA,350000.0,350000.0
DAIHATSU,GRAN MOVE,203500.0,214500.0
DAIHATSU,HIJET,415000.0,818750.0
DAIHATSU,HIJET CADDIE,720000.0,720000.0
DAIHATSU,MAX,90000.0,90000.0
DAIHATSU,MATERIA,500000.0,500000.0
DAIHATSU,MIRA,260000.0,427500.0
DAIHATSU,MIRA E:S,470000.0,655000.0
DAIHATSU,MOVE,527500.0,753750.0
DAIHATSU,MOVE CONTE,595000.0,605000.0
DAIHATSU,PYZAR,179250.0,250000.0
DAIHATSU,ROCKY,612500.0,1662500.0
DAIHATSU,RUGGER,1100000.0,1100000.0
DAIHATSU,SIRION,220000.0,260000.0
DAIHATSU,SONICA,355000.0,430000.0
DAIHATSU,STORIA,175000.0,210000.0
DAIHATSU,TANTO,600000.0,780000.0
DAIHATSU,TANTO EXE,500000.0,520000.0
DAIHATSU,TERIOS,250000.0,380000.0
DAIHATSU,THOR,1010000.0,1192500.0
DAIHATSU,TREVIS,450000.0,450000.0
DAIHATSU,WAKE,867500.0,975005.0
DAIHATSU,YRV,250000.0,320000.0
DATSUN,SUNNY,537250.0,711750.0
DATSUN,MI DO,450000.0,570000.0
DATSUN,ON DO,365000.0,499000.0
DODGE,AVENGER,461250.0,752500.0
DODGE,CALIBER,450000.0,650000.0
DODGE,CARAVAN,250000.0,450000.0
DODGE,CHALLENGER,2750000.0,4250000.0
DODGE,CHARGER,2237250.0,3986750.0
DODGE,COLT,285000.0,295000.0
DODGE,DAKOTA,825000.0,900000.0
DODGE,DART,1089750.0,1980000.0
DODGE,DURANGO,2087500.0,8099000.0
DODGE,DYNASTY,425000.0,525000.0
DODGE,INTREPID,202500.0,267500.0
DODGE,JOURNEY,832500.0,1175000.0
DODGE,MAGNUM,792500.0,950000.0
DODGE,NEON,137500.0,241000.0
DODGE,NITRO,999249.75,1275000.0
DODGE,OMNI,270000.0,270000.0
DODGE,POLARA,4200000.0,4200000.0
DODGE,RAM,2100000.0,3600000.0
DODGE,RAM VAN,460000.0,717500.0
DODGE,SPIRIT,300000.0,300000.0
DODGE,STEALTH,663888.5,823888.5
DODGE,STRATUS,192250.0,329375.0
DODGE,VIPER,6125000.0,7375000.0
DODGE,WC SERIES,3850000.0,4950000.0
DONGFENG,580,1726694.25,2445000.0
DONGFENG,AX7,1412500.0,1714500.0
DONGFENG,AEOLUS YIXUAN GS,2255000.0,2385000.0
DONGFENG,E11K,2090000.0,2090000.0
DONGFENG,H30 CROSS,695000.0,770000.0
DONGFENG,MPV,511250.0,513750.0
DONGFENG,RICH,4300000.0,4300000.0
DONGFENG,S30,410000.0,549000.0
DONGFENG,IX5,1940500.0,2137500.0
EXEED,LX,2414250.0,2876500.0
EXEED,RX,5400000.0,5400000.0
EXEED,TX,1580000.0,2150775.0
EXEED,TXL,2899900.0,3333000.0
EXEED,VX,3850000.0,4270000.0
EXEED,YAOGUANG,3820000.0,4400000.0
FAW,BESTUNE B70,2650000.0,2700000.0
FAW,BESTUNE B70S,3170000.0,3170000.0
FAW,BESTUNE T55,2070000.0,2070000.0
FAW,BESTUNE T77,1400000.0,1999000.0
FAW,BESTUNE T99,1917500.0,2950000.0
FAW,BESTURN B50,348750.0,500000.0
FAW,BESTURN X40,1413685.0,1689000.0
FAW,X80,1387500.0,1710500.0
FAW,JINN,110000.0,110000.0
FAW,OLEY,385000.0,459000.0
FAW,V2,160000.0,160000.0
FAW,V5,207500.0,365000.0
FAW,VITA,123675.0,199750.0
FERRARI,296,47483343.0,50433343.0
FERRARI,360,7113750.0,7371250.0
FERRARI,458,14812500.0,14937500.0
FERRARI,488,20500000.0,22300000.0
FERRARI,599,12075000.0,13225000.0
FERRARI,612,7262500.0,14675000.0
FERRARI,812,39675000.0,43225000.0
FERRARI,CALIFORNIA,9949999.5,12988500.0
FERRARI,F12BERLINETTA,17500000.0,20845000.0
FERRARI,F430,12685103.5,20895034.5
FERRARI,F8,29000000.0,38025000.0
FERRARI,FF,17000000.0,19000000.0
FERRARI,GTC4LUSSO,24250000.0,31300000.0
FERRARI,PORTOFINO,19250000.0,25827066.0
FERRARI,ROMA,28350000.0,33030845.25
FERRARI,SF90 STRADALE,57829855.0,63489565.0
FERRARI,TESTAROSSA,22500000.0,22500000.0
FORD,AEROSTAR,120000.0,195000.0
FORD,BRONCO,1364166.0,10006788.25
FORD,BRONCO SPORT,3200000.0,4025000.0
FORD,C MAX,355000.0,596000.0
FORD,CAPRI,666750.0,740250.0
FORD,CONTOUR,300000.0,300000.0
FORD,COUGAR,290000.0,320000.0
FORD,CUSTOM,3500000.0,3500000.0
FORD,ECOSPORT,1040000.0,1249250.0
FORD,ECONOLINE,700000.0,1400000.0
FORD,EDGE,1487500.0,2653750.0
FORD,EQUATOR,3650000.0,3650000.0
FORD,ESCAPE,492500.0,945000.0
FORD,ESCORT,70000.0,140000.0
FORD,ESCORT,137500.0,205000.0
FORD,EVOS,3865000.0,4145000.0
FORD,EXCURSION,650000.0,1500000.0
FORD,EXPEDITION,725000.0,1825000.0
FORD,EXPLORER,1400000.0,3099250.0
FORD,EXPLORER SPORT TRAC,700000.0,825000.0
FORD,F 150,3850000.0,10067000.0
FORD,FESTIVA,160000.0,220000.0
FORD,FIESTA,290000.0,730000.0
FORD,FIVE HUNDRED,480000.0,480000.0
FORD,FOCUS,349000.0,747000.0
FORD,FOCUS ST,630000.0,1427500.0
FORD,FREDA,400000.0,400000.0
FORD,FREESTYLE,275000.0,275000.0
FORD,FUSION,310000.0,420000.0
FORD,FUSION,1300000.0,1625000.0
FORD,GALAXY,460000.0,1100000.0
FORD,GRANADA,107500.0,260000.0
FORD,IXION,230000.0,230000.0
FORD,KA,118750.0,339750.0
FORD,KUGA,1180000.0,1589000.0
FORD,LTD CROWN VICTORIA,1035000.0,1545000.0
FORD,LASER,90000.0,210000.0
FORD,MAVERICK,450000.0,650000.0
FORD,MODEL A,2500000.0,2500000.0
FORD,MONDEO,273000.0,756250.0
FORD,MONDEO ST,455000.0,647500.0
FORD,MUSTANG,2300000.0,3150000.0
FORD,MUSTANG MACH E,5700000.0,8980000.0
FORD,ORION,57500.0,132500.0
FORD,PROBE,142500.0,300000.0
FORD,PUMA,150000.0,200000.0
FORD,RANGER,860000.0,2500000.0
FORD,RANGER,660000.0,850000.0
FORD,S MAX,620000.0,1099000.0
FORD,SCORPIO,90000.0,150000.0
FORD,SIERRA,67750.0,117500.0
FORD,TAUNUS,150000.0,537500.0
FORD,TAURUS,145000.0,350000.0
FORD,THUNDERBIRD,922500.0,1500000.0
FORD,TOURNEO CONNECT,400000.0,600000.0
FORD,TOURNEO CUSTOM,1646250.0,2350000.0
FORD,TRANSIT CONNECT,402500.0,676250.0
FORD,TRANSIT CUSTOM,2200000.0,3000000.0
GAC,GN8,3862500.0,5478750.0
GAC,GS5,1907000.0,2379500.0
GAC,GS8,2850000.0,3691250.0
GEELY,ATLAS,1692570.0,1929000.0
GEELY,ATLAS PRO,2350000.0,2650000.0
GEELY,BINRUI COOL,2006000.0,2125000.0
GEELY,BINYUE COOL,2270000.0,2562500.0
GEELY,BOYUE,2249500.0,2839000.0
GEELY,BOYUE PRO,2160550.0,2160550.0
GEELY,CK,90000.0,225000.0
GEELY,COOLRAY,1700000.0,2220000.0
GEELY,EMGRAND 7,1076250.0,2057250.0
GEELY,EMGRAND,360000.0,465000.0
GEELY,EMGRAND EC8,765000.0,855000.0
GEELY,EMGRAND GT,1150000.0,1150000.0
GEELY,EMGRAND X7,650000.0,1000000.0
GEELY,FC,161250.0,257500.0
GEELY,GC6,357500.0,450000.0
GEELY,GS,1590000.0,1869000.0
GEELY,GEOMETRY A,2200000.0,2200000.0
GEELY,HAOQING,120000.0,120000.0
GEELY,ICON,1255000.0,1887500.0
GEELY,JIAJI,1610250.0,2309250.0
GEELY,MK,105000.0,196500.0
GEELY,MK CROSS,239000.0,320000.0
GEELY,MONJARO,2800000.0,3649000.0
GEELY,OKAVANGO,2160000.0,2837000.0
GEELY,PREFACE,2113500.0,2535000.0
GEELY,TUGELLA,2130000.0,3487000.0
GEELY,VISION X3,1440000.0,1440000.0
GEELY,VISION X6,1200000.0,1200000.0
GEELY,VISION X6 PRO,2350030.0,2350030.0
GEELY,XINGYUE L,3575000.0,3825000.0
GREAT WALL,COOLBEAR,440000.0,575000.0
GREAT WALL,DEER,255000.0,410000.0
GREAT WALL,HOVER,420000.0,550000.0
GREAT WALL,HOVER H3,600000.0,797500.0
GREAT WALL,HOVER H5,650000.0,800000.0
GREAT WALL,HOVER H6,822500.0,918250.0
GREAT WALL,HOVER M2,425000.0,545000.0
GREAT WALL,HOVER M4,560000.0,682500.0
GREAT WALL,PEGASUS,387500.0,662500.0
GREAT WALL,PERI,268750.0,276250.0
GREAT WALL,POER,2661750.0,3250000.0
GREAT WALL,POER KING KONG,2400000.0,3039000.0
GREAT WALL,SAFE,300000.0,430000.0
GREAT WALL,SAILOR,290000.0,462500.0
GREAT WALL,SHANHAI POER,5525000.0,5775000.0
GREAT WALL,WINGLE,475000.0,670000.0
GREAT WALL,WINGLE 7,1855000.0,2140000.0
HAIMA,3,211750.0,315000.0
HAIMA,7,490000.0,650000.0
HAIMA,M3,459000.0,520000.0
HAVAL,CHITU,2152500.0,2177500.0
HAVAL,DAGOU,1828837.5,2225000.0
HAVAL,DARGO,3149000.0,3299000.0
HAVAL,F7,2499750.0,2971000.0
HAVAL,F7X,2420000.0,2912000.0
HAVAL,H2,1364500.0,1837026.0
HAVAL,H5,1933750.0,2137500.0
HAVAL,H6,1540000.0,1830000.0
HAVAL,H6 COUPE,1747750.0,1927499.75
HAVAL,H6S,2550000.0,2809250.0
HAVAL,H8,1700000.0,1900000.0
HAVAL,H9,2799000.0,3200000.0
HAVAL,JOLION,2100000.0,2291250.0
HAVAL,KUGOU,2430000.0,2430000.0
HAVAL,SHENSHOU,2778750.0,3146250.0
HAVAL,XIAOLONG,3800000.0,3800000.0
HAVAL,XIAOLONG MAX,3925000.0,3975000.0
HONDA,ACCORD,577000.0,1348000.0
HONDA,ACTY,534500.0,675000.0
HONDA,AIRWAVE,450000.0,561250.0
HONDA,ASCOT,144750.0,258750.0
HONDA,AVANCIER,335000.0,425250.0
HONDA,BREEZE,3550000.0,3550000.0
HONDA,CR V,600000.0,1867500.0
HONDA,CR X,925000.0,975000.0
HONDA,CR Z,895000.0,1100000.0
HONDA,CAPA,194250.0,291250.0
HONDA,CITY,100000.0,277000.0
HONDA,CIVIC,345000.0,757000.0
HONDA,CIVIC FERIO,179500.0,310000.0
HONDA,CIVIC TYPE R,926250.0,1637500.0
HONDA,CLARITY,2375000.0,2925000.0
HONDA,CONCERTO,112500.0,180000.0
HONDA,CROSSROAD,980000.0,1460250.0
HONDA,CROSSTOUR,1284000.0,1735000.0
HONDA,DOMANI,142500.0,247495.0
HONDA,EDIX,522500.0,575000.0
HONDA,ELEMENT,686000.0,900000.0
HONDA,ELYSION,1250000.0,1520000.0
HONDA,FR V,630000.0,750000.0
HONDA,FIT,595000.0,1070000.0
HONDA,FIT ARIA,320000.0,390000.0
HONDA,FIT SHUTTLE,825000.0,950000.0
HONDA,FREED,830000.0,1315000.0
HONDA,GRACE,934500.0,1199750.0
HONDA,HR V,310000.0,500000.0
HONDA,INSIGHT,679999.0,870000.0
HONDA,INSPIRE,190000.0,400000.0
HONDA,INTEGRA,206250.0,587500.0
HONDA,INTEGRA SJ,151250.0,183750.0
HONDA,JADE,1250000.0,1417499.25
HONDA,JAZZ,600000.0,720000.0
HONDA,LEGEND,545000.0,886750.0
HONDA,LIFE,400000.0,530000.0
HONDA,LOGO,144000.0,210000.0
HONDA,MOBILIO,330000.0,457500.0
HONDA,MOBILIO SPIKE,398750.0,497500.0
HONDA,N BOX,745000.0,945000.0
HONDA,N BOX SLASH,1450000.0,1450000.0
HONDA,N ONE,762500.0,839500.0
HONDA,N VAN,1040000.0,1040000.0
HONDA,N WGN,698500.0,865000.0
HONDA,NSX,4500000.0,4500000.0
HONDA,ODYSSEY,350000.0,850000.0
HONDA,ODYSSEY,1200000.0,1835000.0
HONDA,ORTHIA,201250.0,301250.0
HONDA,PARTNER,195495.0,255000.0
HONDA,PASSPORT,345000.0,345000.0
HONDA,PILOT,1300000.0,2186750.0
HONDA,PRELUDE,297495.0,550000.0
HONDA,RAFAGA,142750.0,193750.0
HONDA,RIDGELINE,1230000.0,1450000.0
HONDA,S MX,229250.0,321250.0
HONDA,S2000,1850000.0,3100000.0
HONDA,S660,1388750.0,1875000.0
HONDA,SABER,182000.0,325000.0
HONDA,SHUTTLE,1078751.5,1300000.0
HONDA,STEPWGN,1495000.0,2200000.0
HONDA,STREAM,410000.0,863000.0
HONDA,TODAY,110000.0,110000.0
HONDA,TORNEO,350000.0,427500.0
HONDA,VAMOS,537500.0,825000.0
HONDA,VEZEL,1355000.0,1595000.0
HONDA,VIGOR,222500.0,345000.0
HONDA,XR V,1945000.0,1945000.0
HONDA,Z,235000.0,290000.0
HONDA,ZR V,3190000.0,3315000.0
HONDA,ZEST,470000.0,619000.0
HONDA,E,2900000.0,2900000.0
HONDA,E:NP1,3100000.0,3624000.0
HONDA,E:NS1,3265000.0,3606750.0
HONGQI,E HS9,6300000.0,6300000.0
HONGQI,E QM5,3110000.0,3629250.0
HONGQI,H5,3100000.0,4949000.0
HONGQI,H6,3870250.0,4194999.25
HONGQI,H9,4041250.0,6525000.0
HONGQI,HQ9,6725000.0,7276750.0
HONGQI,HS5,2417000.0,3490000.0
HONGQI,HS7,4170000.0,4712500.0
HUMMER,H1,6725000.0,10524999.25
HUMMER,H2,1912500.0,4062500.0
HUMMER,H3,1450000.0,1980000.0
HYUNDAI,ACCENT,169000.0,270000.0
HYUNDAI,ATOS,165000.0,238750.0
HYUNDAI,AVANTE,780000.0,1695000.0
HYUNDAI,AZERA,1585000.0,1675000.0
HYUNDAI,BAYON,2263325.0,2462500.0
HYUNDAI,CASPER,2400000.0,2400000.0
HYUNDAI,CLICK,550000.0,620000.0
HYUNDAI,COUPE,312500.0,612500.0
HYUNDAI,CRETA,1620000.0,2100000.0
HYUNDAI,DYNASTY,507500.0,722500.0
HYUNDAI,ELANTRA,499000.0,2199000.0
HYUNDAI,EQUUS,1280000.0,1550000.0
HYUNDAI,GALLOPER,350000.0,470000.0
HYUNDAI,GENESIS,1750000.0,2330000.0
HYUNDAI,GENESIS COUPE,1040000.0,1600000.0
HYUNDAI,GETZ,340000.0,450000.0
HYUNDAI,GRACE,161750.0,280000.0
HYUNDAI,GRAND STAREX,970000.0,3250000.0
HYUNDAI,GRANDEUR,1047500.0,2879605.0
HYUNDAI,H 1,1300000.0,2912500.0
HYUNDAI,H200,310000.0,457500.0
HYUNDAI,IONIQ,1765000.0,3550000.0
HYUNDAI,IONIQ 5,4019257.5,4349667.0
HYUNDAI,KONA,1850000.0,2500000.0
HYUNDAI,KONA N,2950000.0,2950000.0
HYUNDAI,LANTRA,92500.0,150000.0
HYUNDAI,LAVITA,166250.0,286250.0
HYUNDAI,MARCIA,250000.0,250000.0
HYUNDAI,MATRIX,330000.0,490000.0
HYUNDAI,PALISADE,3860000.0,4990000.0
HYUNDAI,PONY,104750.0,128250.0
HYUNDAI,SANTA CRUZ,4850000.0,4850000.0
HYUNDAI,SANTA FE,1675000.0,3290000.0
HYUNDAI,SANTAMO,208750.0,236250.0
HYUNDAI,SOLARIS,825000.0,1388000.0
HYUNDAI,SONATA,400000.0,2300000.0
HYUNDAI,STAREX,480000.0,699999.0
HYUNDAI,STARIA,4791900.0,5549000.0
HYUNDAI,TERRACAN,455000.0,650000.0
HYUNDAI,TIBURON,304500.0,640000.0
HYUNDAI,TRAJET,397500.0,571250.0
HYUNDAI,TUCSON,1982400.0,3330000.0
HYUNDAI,TUSCANI,578750.0,687500.0
HYUNDAI,VELOSTER,1238609.75,1800000.0
HYUNDAI,VENUE,1842900.0,1943045.25
HYUNDAI,VERNA,342500.0,495000.0
HYUNDAI,XG,289999.5,481000.0
HYUNDAI,I20,515000.0,2039000.0
HYUNDAI,I30,650000.0,955000.0
HYUNDAI,I30 N,2276250.0,2380000.0
HYUNDAI,I40,1095000.0,1320000.0
HYUNDAI,IX35,1125000.0,1350000.0
HYUNDAI,IX55,1140000.0,1470000.0
INFINITI,EX,960000.0,1260000.0
INFINITI,FX,985000.0,1849000.0
INFINITI,G,710000.0,1100000.0
INFINITI,I,289499.75,345000.0
INFINITI,J,450000.0,450000.0
INFINITI,JX,1620000.0,1870000.0
INFINITI,M,800000.0,1542500.0
INFINITI,Q30,2023750.0,2505000.0
INFINITI,Q50,1630000.0,2029000.0
INFINITI,Q60,2725000.0,5475000.0
INFINITI,Q70,1782500.0,2474750.0
INFINITI,QX30,1976250.0,2346750.0
INFINITI,QX4,452250.0,690000.0
INFINITI,QX50,2312500.0,3355000.0
INFINITI,QX55,5200000.0,5500000.0
INFINITI,QX56,1750000.0,2350000.0
INFINITI,QX60,2295000.0,3327000.0
INFINITI,QX70,1945000.0,2305000.0
INFINITI,QX80,3500000.0,7250000.0
ISUZU,AMIGO,250000.0,250000.0
ISUZU,ASKA,235000.0,320000.0
ISUZU,AXIOM,497500.0,631250.0
ISUZU,BIGHORN,500000.0,787500.0
ISUZU,D MAX,3037500.0,4221250.0
ISUZU,FARGO,422500.0,487500.0
ISUZU,FARGO FILLY,450000.0,450000.0
ISUZU,GEMINI,118250.0,190000.0
ISUZU,MU,710000.0,710000.0
ISUZU,MU X,5199999.0,5600000.0
ISUZU,RODEO,311250.0,461225.0
ISUZU,TROOPER,276250.0,832500.0
ISUZU,VEHICROSS,700000.0,1165000.0
ISUZU,WIZARD,550000.0,586750.0
JAC,J7,1200000.0,1700000.0
JAC,JS4,1524475.0,2033425.0
JAC,S1,386250.0,645000.0
JAC,S3,1210477.0,1512500.0
JAC,S5,890000.0,1400000.0
JAC,S7,1462250.0,1686750.0
JAC,T6,2000000.0,2387000.0
JAC,T8 PRO,2625000.0,2930288.0
JAC,IEV7L,1160000.0,1160000.0
JAC,IEV7S,1750000.0,1922500.0
JAC,IEVS4,2050000.0,2050000.0
JAGUAR,E PACE,2890000.0,3490000.0
JAGUAR,F PACE,2742500.0,3250000.0
JAGUAR,F TYPE,4000000.0,5597500.0
JAGUAR,I PACE,4890000.0,6590000.0
JAGUAR,S TYPE,420000.0,840000.0
JAGUAR,X TYPE,495000.0,715000.0
JAGUAR,XE,1812500.0,2379750.0
JAGUAR,XF,1100000.0,2050000.0
JAGUAR,XFR,1965000.0,2715000.0
JAGUAR,XJ,1500000.0,2500000.0
JAGUAR,XJR,1112500.0,1999999.5
JAGUAR,XJS,3712500.0,4600000.0
JAGUAR,XK,1471250.0,1842500.0
JAGUAR,XKR,2100000.0,3090000.0
JEEP,CHEROKEE,420000.0,1800000.0
JEEP,COMMANDER,1450000.0,1590000.0
JEEP,COMPASS,713750.0,2143750.0
JEEP,GLADIATOR,6424500.0,7950000.0
JEEP,GRAND CHEROKEE,870000.0,2750000.0
JEEP,LIBERTY,556750.0,746000.0
JEEP,LIBERTY,697388.5,992499.5
JEEP,RENEGADE,1710000.0,2079000.0
JEEP,WAGONEER,12428999.25,17023621.0
JEEP,WRANGLER,2912500.0,4550000.0
JETTA,VA3,1909550.0,2240000.0
JETTA,VS7,2399000.0,2399000.0
KAIYI,E5,2050000.0,2050000.0
KIA,AVELLA,75000.0,117500.0
KIA,CARENS,353750.0,688750.0
KIA,CARNIVAL,2500000.0,4190000.0
KIA,CEED,839000.0,1684000.0
KIA,CEED GT,1175000.0,1614500.0
KIA,CERATO,708500.0,1780000.0
KIA,CLARUS,105000.0,165000.0
KIA,EV6,3561772.5,5525000.0
KIA,FORTE,1200000.0,1814250.0
KIA,JOICE,266250.0,385000.0
KIA,K3,1600000.0,2240000.0
KIA,K5,2470000.0,2895000.0
KIA,K7,2170000.0,2749500.0
KIA,K8,3476476.5,4195000.0
KIA,K9,3965000.0,7080500.0
KIA,K900,3162475.0,3825000.0
KIA,MAGENTIS,304500.0,497000.0
KIA,MOHAVE,3799000.0,4620000.0
KIA,MORNING,905500.0,1335000.0
KIA,NIRO,2272965.0,2933617.5
KIA,OPIRUS,450000.0,700000.0
KIA,OPTIMA,1530000.0,2079549.0
KIA,PICANTO,380000.0,1000000.0
KIA,PREGIO,285000.0,440000.0
KIA,PRIDE,132500.0,267500.0
KIA,PROCEED,2059250.0,2324250.0
KIA,QUORIS,1365000.0,1890000.0
KIA,RAY,1274500.0,1399500.0
KIA,RETONA,436250.0,512499.25
KIA,RIO,749000.0,1457000.0
KIA,SELTOS,2150000.0,2439000.0
KIA,SEPHIA,97000.0,175000.0
KIA,SHUMA,150000.0,225000.0
KIA,SORENTO,1462800.0,3675000.0
KIA,SOUL,1250000.0,1969000.0
KIA,SOUL EV,1495000.0,2637500.0
KIA,SPECTRA,210000.0,310000.0
KIA,SPORTAGE,1250000.0,2388000.0
KIA,SPORTAGE,3202000.0,3569000.0
KIA,STINGER,2499000.0,3650000.0
KIA,STONIC,1438500.0,1754750.0
KIA,TELLURIDE,6300000.0,6755000.0
KIA,VENGA,739000.0,984500.0
KIA,XCEED,2100000.0,2600000.0
LADA (ВАЗ),1111 ОКА,48000.0,79000.0
LADA (ВАЗ),2101,81250.0,325000.0
LADA (ВАЗ),2102,80000.0,230000.0
LADA (ВАЗ),2103,75000.0,300000.0
LADA (ВАЗ),2104,70000.0,170000.0
LADA (ВАЗ),2105,60000.0,90000.0
LADA (ВАЗ),2106,75000.0,180000.0
LADA (ВАЗ),2107,60000.0,130000.0
LADA (ВАЗ),2108,60000.0,180000.0
LADA (ВАЗ),2109,69999.0,150000.0
LADA (ВАЗ),21099,65000.0,105000.0
LADA (ВАЗ),2110,65000.0,120000.0
LADA (ВАЗ),2111,70000.0,135000.0
LADA (ВАЗ),2112,85000.0,140000.0
LADA (ВАЗ),2113,94000.0,150000.0
LADA (ВАЗ),2114,85000.0,135000.0
LADA (ВАЗ),2115,69000.0,100000.0
LADA (ВАЗ),2120 НАДЕЖДА,140000.0,250000.0
LADA (ВАЗ),2121,150000.0,295000.0
LADA (ВАЗ),2123,175000.0,550000.0
LADA (ВАЗ),2131,130000.0,250000.0
LADA (ВАЗ),GRANTA,430000.0,750000.0
LADA (ВАЗ),KALINA,140000.0,250000.0
LADA (ВАЗ),LARGUS,619000.0,850000.0
LADA (ВАЗ),NIVA,989990.0,1250000.0
LADA (ВАЗ),NIVA LEGEND,810000.0,1020000.0
LADA (ВАЗ),PRIORA,250000.0,405000.0
LADA (ВАЗ),VESTA,700000.0,850000.0
LADA (ВАЗ),XRAY,765000.0,895000.0
LAMBORGHINI,AVENTADOR,26875000.0,37750000.0
LAMBORGHINI,GALLARDO,9250000.0,11175000.0
LAMBORGHINI,HURACÁN,20990000.0,39900000.0
LAMBORGHINI,MURCIELAGO,23175000.0,29725000.0
LAMBORGHINI,URUS,29068353.0,49875000.0
LAND ROVER,DEFENDER,2280000.0,7704000.0
LAND ROVER,DISCOVERY,950000.0,2690000.0
LAND ROVER,DISCOVERY SPORT,2295000.0,3860000.0
LAND ROVER,FREELANDER,600000.0,1380000.0
LAND ROVER,RANGE ROVER,1390000.0,7399000.0
LAND ROVER,RANGE ROVER EVOQUE,1826000.0,3099000.0
LAND ROVER,RANGE ROVER SPORT,1520000.0,5950000.0
LAND ROVER,RANGE ROVER VELAR,4219000.0,4600000.0
LAND ROVER,SERIES III,1690000.0,3830000.0
LEXUS,CT,1300000.0,1550000.0
LEXUS,ES,2190000.0,4100000.0
LEXUS,GS,1000000.0,2200000.0
LEXUS,GS F,6300000.0,6300000.0
LEXUS,GX,2000000.0,4899000.0
LEXUS,HS,1322500.0,1650000.0
LEXUS,IS,1149900.0,2300000.0
LEXUS,IS F,2616250.0,3038750.0
LEXUS,LC,9269250.0,11622500.0
LEXUS,LM,15485000.0,15485000.0
LEXUS,LS,1200000.0,2500000.0
LEXUS,LX,3220000.0,7150000.0
LEXUS,NX,2750000.0,3440000.0
LEXUS,RC,2850000.0,3753750.0
LEXUS,RC F,4892000.0,5422500.0
LEXUS,RX,1780000.0,4999999.0
LEXUS,RZ,6499999.5,7149999.5
LEXUS,SC,1325000.0,1825000.0
LEXUS,UX,2790000.0,3368750.0
LIXIANG,L7,7545000.0,7990000.0
LIXIANG,L8,5915000.0,7500000.0
LIXIANG,L9,6412500.0,7173337.5
LIXIANG,ONE,3406250.0,4037500.0
LIFAN,BREEZ,110000.0,155000.0
LIFAN,CEBRIUM,433750.0,573750.0
LIFAN,CELLIYA,464500.0,489500.0
LIFAN,MURMAN,870000.0,1098000.0
LIFAN,MYWAY,980000.0,1262500.0
LIFAN,SMILY,185250.0,270000.0
LIFAN,SOLANO,230000.0,419900.0
LIFAN,X50,560000.0,730000.0
LIFAN,X60,510000.0,779000.0
LIFAN,X70,1112500.0,1286750.0
LOTUS,ELETRE,13314249.25,16500000.0
LOTUS,ELISE,2835000.0,3545000.0
LOTUS,EUROPA S,3000000.0,3000000.0
LOTUS,EXIGE,3620000.0,3620000.0
MINI,CABRIO,1904500.0,2843250.0
MINI,CLUBMAN,1825738.5,3032500.0
MINI,COUNTRYMAN,1250000.0,3450000.0
MINI,COUPE,1200000.0,1601500.0
MINI,HATCH,888000.0,2499000.0
MINI,PACEMAN,1400000.0,1553750.0
MINI,ROADSTER,1800000.0,1950000.0
MAZDA,121,78750.0,89750.0
MAZDA,2,470000.0,750000.0
MAZDA,3,450000.0,1100000.0
MAZDA,3 MPS,550000.0,915000.0
MAZDA,323,114000.0,237500.0
MAZDA,5,643750.0,1157500.0
MAZDA,6,750000.0,2205000.0
MAZDA,6 MPS,500000.0,705000.0
MAZDA,626,100000.0,200000.0
MAZDA,929,220000.0,374999.5
MAZDA,ATENZA,380000.0,1562500.0
MAZDA,AUTOZAM AZ 3,245000.0,245000.0
MAZDA,AXELA,850000.0,1360000.0
MAZDA,B SERIES,485000.0,617500.0
MAZDA,BT 50,700000.0,1050250.0
MAZDA,BIANTE,1075000.0,1297500.0
MAZDA,BONGO,229500.0,751500.0
MAZDA,BONGO FRIENDEE,350000.0,540000.0
MAZDA,CX 3,1399000.0,1785000.0
MAZDA,CX 30,2028750.0,2825000.0
MAZDA,CX 4,2720000.0,3199000.0
MAZDA,CX 5,1806000.0,2685000.0
MAZDA,CX 50,4150000.0,4700000.0
MAZDA,CX 60,3904000.0,5190000.0
MAZDA,CX 7,690000.0,900000.0
MAZDA,CX 8,1900003.5,2675000.0
MAZDA,CX 9,2500000.0,3999000.0
MAZDA,CX 90,7655000.0,8345000.0
MAZDA,CAPELLA,155000.0,485000.0
MAZDA,CAROL,330000.0,555000.0
MAZDA,CRONOS,155000.0,275000.0
MAZDA,DEMIO,200000.0,480000.0
MAZDA,EFINI MS 6,120000.0,120000.0
MAZDA,EFINI MS 8,115000.0,185000.0
MAZDA,EFINI MS 9,350000.0,350000.0
MAZDA,FAMILIA,168000.0,280000.0
MAZDA,FLAIR,566250.0,705000.0
MAZDA,FLAIR CROSSOVER,630000.0,630000.0
MAZDA,FLAIR WAGON,800000.0,800000.0
MAZDA,LANTIS,94500.0,160000.0
MAZDA,MPV,350000.0,575000.0
MAZDA,MX 3,192500.0,240000.0
MAZDA,MX 30,2220000.0,2600000.0
MAZDA,MX 5,1602500.0,3025000.0
MAZDA,MX 6,241250.0,313750.0
MAZDA,MILLENIA,200000.0,300000.0
MAZDA,PREMACY,290000.0,398000.0
MAZDA,PROCEED,425000.0,675000.0
MAZDA,PROTEGE,137500.0,264000.0
MAZDA,RX 7,2250000.0,3350000.0
MAZDA,RX 8,615000.0,1100000.0
MAZDA,REVUE,110000.0,110000.0
MAZDA,ROADSTER,1407500.0,1886750.0
MAZDA,SCRUM,734750.0,766000.0
MAZDA,SENTIA,445000.0,445000.0
MAZDA,TRIBUTE,400000.0,550000.0
MAZDA,VERISA,365000.0,512500.0
MAZDA,XEDOS 6,103250.0,187500.0
MAZDA,XEDOS 9,190000.0,255000.0
MERCEDES-BENZ,190,103750.0,235000.0
MERCEDES-BENZ,190 SL,14875000.0,17625000.0
MERCEDES-BENZ,A КЛАСС,350000.0,1790000.0
MERCEDES-BENZ,A КЛАСС AMG,3062500.0,5030000.0
MERCEDES-BENZ,AMG GT,8900000.0,13867500.0
MERCEDES-BENZ,B КЛАСС,650000.0,1175000.0
MERCEDES-BENZ,C КЛАСС,470000.0,1990000.0
MERCEDES-BENZ,C КЛАСС AMG,3595000.0,5975000.0
MERCEDES-BENZ,CL КЛАСС,1350000.0,2400000.0
MERCEDES-BENZ,CL КЛАСС AMG,2262500.0,3225000.0
MERCEDES-BENZ,CLA,1733500.0,3500000.0
MERCEDES-BENZ,CLA AMG,2525000.0,5300000.0
MERCEDES-BENZ,CLC КЛАСС,660000.0,779500.0
MERCEDES-BENZ,CLK КЛАСС,475000.0,900000.0
MERCEDES-BENZ,CLS,1250000.0,3299999.0
MERCEDES-BENZ,CLS AMG,3900000.0,7500000.0
MERCEDES-BENZ,E КЛАСС,780000.0,3100000.0
MERCEDES-BENZ,E КЛАСС AMG,4350000.0,9525000.0
MERCEDES-BENZ,EQB,6120750.0,7032500.0
MERCEDES-BENZ,EQC,5700000.0,6590000.0
MERCEDES-BENZ,EQE,7361960.0,11192500.0
MERCEDES-BENZ,EQS,11500000.0,16290000.0
MERCEDES-BENZ,EQV,7390000.0,11500000.0
MERCEDES-BENZ,G КЛАСС,1780000.0,10000000.0
MERCEDES-BENZ,G КЛАСС AMG,7243750.0,17999900.0
MERCEDES-BENZ,GL КЛАСС,1530000.0,2750000.0
MERCEDES-BENZ,GL КЛАСС AMG,3408750.0,4137500.0
MERCEDES-BENZ,GLA,1842750.0,2500000.0
MERCEDES-BENZ,GLA AMG,3137000.0,6000000.0
MERCEDES-BENZ,GLB,3950000.0,4500000.0
MERCEDES-BENZ,GLB AMG,4705758.25,5133273.75
MERCEDES-BENZ,GLC,2879000.0,4620000.0
MERCEDES-BENZ,GLC AMG,3915000.0,6527500.0
MERCEDES-BENZ,GLC COUPE,4000000.0,5785000.0
MERCEDES-BENZ,GLC COUPE AMG,4467500.0,6990000.0
MERCEDES-BENZ,GLE,5250000.0,7450000.0
MERCEDES-BENZ,GLE AMG,9000000.0,12500000.0
MERCEDES-BENZ,GLE COUPE,4449000.0,9980000.0
MERCEDES-BENZ,GLE COUPE AMG,5200000.0,13480000.0
MERCEDES-BENZ,GLK КЛАСС,1250000.0,1830000.0
MERCEDES-BENZ,GLS,5300000.0,9545375.0
MERCEDES-BENZ,GLS AMG,6025000.0,18200000.0
MERCEDES-BENZ,M КЛАСС,785000.0,2127000.0
MERCEDES-BENZ,M КЛАСС AMG,1927500.0,3299000.0
MERCEDES-BENZ,MARCO POLO,6375000.0,9422500.0
MERCEDES-BENZ,MAYBACH GLS,21900000.0,25000000.0
MERCEDES-BENZ,MAYBACH S КЛАСС,5500000.0,17012308.0
MERCEDES-BENZ,METRIS,3050000.0,3660000.0
MERCEDES-BENZ,R КЛАСС,889000.0,1534500.0
MERCEDES-BENZ,S КЛАСС,850000.0,5404250.0
MERCEDES-BENZ,S КЛАСС AMG,4100000.0,8500000.0
MERCEDES-BENZ,SL КЛАСС,1962499.25,6025000.0
MERCEDES-BENZ,SL КЛАСС AMG,3212500.0,23975000.0
MERCEDES-BENZ,SLC,3165700.0,3500000.0
MERCEDES-BENZ,SLC AMG,4300000.0,4849500.0
MERCEDES-BENZ,SLK КЛАСС,1000000.0,2250000.0
MERCEDES-BENZ,SLK КЛАСС AMG,3835000.0,4005000.0
MERCEDES-BENZ,V КЛАСС,3250000.0,4800000.0
MERCEDES-BENZ,VANEO,352500.0,461250.0
MERCEDES-BENZ,VIANO,1187500.0,2100000.0
MERCEDES-BENZ,VITO,600000.0,2392500.0
MERCEDES-BENZ,W111,3100000.0,12000000.0
MERCEDES-BENZ,W114,1350000.0,2250000.0
MERCEDES-BENZ,W115,352500.0,961250.0
MERCEDES-BENZ,W120,2200000.0,2200000.0
MERCEDES-BENZ,W123,150000.0,450000.0
MERCEDES-BENZ,W124,170000.0,235000.0
MERCEDES-BENZ,W136,3100000.0,3100000.0
MERCEDES-BENZ,X КЛАСС,3994000.0,5200000.0
MITSUBISHI,3000 GT,1325000.0,1875000.0
MITSUBISHI,ASX,930000.0,1400000.0
MITSUBISHI,AIRTREK,432500.0,550000.0
MITSUBISHI,ASPIRE,130000.0,130000.0
MITSUBISHI,ATTRAGE,1735000.0,1786702.25
MITSUBISHI,CARISMA,140000.0,245000.0
MITSUBISHI,CHALLENGER,650000.0,662500.0
MITSUBISHI,CHARIOT,159500.0,337000.0
MITSUBISHI,COLT,300000.0,360000.0
MITSUBISHI,DELICA,360000.0,700000.0
MITSUBISHI,DELICA D:2,910000.0,1350000.0
MITSUBISHI,DELICA D:3,870000.0,910000.0
MITSUBISHI,DELICA D:5,1510002.5,2300002.5
MITSUBISHI,DIAMANTE,217500.0,412500.0
MITSUBISHI,DINGO,200000.0,290000.0
MITSUBISHI,DION,242500.0,361250.0
MITSUBISHI,ECLIPSE,372499.5,672500.0
MITSUBISHI,ECLIPSE CROSS,1834750.0,2350000.0
MITSUBISHI,EMERAUDE,243750.0,480944.25
MITSUBISHI,ENDEAVOR,580000.0,740000.0
MITSUBISHI,ETERNA,80000.0,182500.0
MITSUBISHI,GTO,880000.0,1087500.0
MITSUBISHI,GALANT,169000.0,415000.0
MITSUBISHI,GALANT FORTIS,510000.0,647500.0
MITSUBISHI,GRANDIS,610000.0,820000.0
MITSUBISHI,L200,1075000.0,2850000.0
MITSUBISHI,L300,235000.0,335000.0
MITSUBISHI,L400,189999.25,337500.0
MITSUBISHI,LANCER,265000.0,610000.0
MITSUBISHI,LANCER CARGO,361250.0,820000.0
MITSUBISHI,LANCER EVOLUTION,1500000.0,2512500.0
MITSUBISHI,LEGNUM,232500.0,385000.0
MITSUBISHI,LIBERO,100000.0,178250.0
MITSUBISHI,MINICA,177700.0,300000.0
MITSUBISHI,MINICAB,506750.0,665000.0
MITSUBISHI,MIRAGE,136250.0,550000.0
MITSUBISHI,MONTERO,567500.0,800000.0
MITSUBISHI,MONTERO SPORT,513750.0,3814250.0
MITSUBISHI,OUTLANDER,1215000.0,2200000.0
MITSUBISHI,OUTLANDER SPORT,1668750.0,2092500.0
MITSUBISHI,PAJERO,650000.0,2070000.0
MITSUBISHI,PAJERO JUNIOR,277500.0,388750.0
MITSUBISHI,PAJERO MINI,320000.0,499000.0
MITSUBISHI,PAJERO PININ,420000.0,597500.0
MITSUBISHI,PAJERO SPORT,1629900.0,4050000.0
MITSUBISHI,PAJERO IO,327500.0,435000.0
MITSUBISHI,RVR,160000.0,335000.0
MITSUBISHI,SAPPORO,220000.0,220000.0
MITSUBISHI,SIGMA,149999.75,222500.0
MITSUBISHI,SPACE GEAR,470000.0,550000.0
MITSUBISHI,SPACE RUNNER,133500.0,216250.0
MITSUBISHI,SPACE STAR,172500.0,287500.0
MITSUBISHI,SPACE WAGON,131250.0,363750.0
MITSUBISHI,TOPPO,221388.75,467500.0
MITSUBISHI,XPANDER,2400000.0,2610500.0
MITSUBISHI,EK ACTIVE,190000.0,190000.0
MITSUBISHI,EK SPACE,780000.0,880000.0
MITSUBISHI,EK SPORT,375000.0,375000.0
MITSUBISHI,EK WAGON,402375.0,736750.0
MITSUBISHI,I,400000.0,550000.0
MITSUBISHI,I MIEV,491750.0,699250.0
NISSAN,100NX,88750.0,96250.0
NISSAN,180SX,900000.0,1900000.0
NISSAN,200SX,1300000.0,2415000.0
NISSAN,300ZX,2288000.0,2288000.0
NISSAN,350Z,1235000.0,1475000.0
NISSAN,AD,180000.0,620000.0
NISSAN,ALMERA,270000.0,650000.0
NISSAN,ALMERA CLASSIC,370000.0,480000.0
NISSAN,ALMERA TINO,277500.0,340000.0
NISSAN,ALTIMA,970000.0,2100000.0
NISSAN,ARIYA,5275000.0,6500000.0
NISSAN,ARMADA,975000.0,3775000.0
NISSAN,AVENIR,150000.0,340000.0
NISSAN,BASSARA,340000.0,505000.0
NISSAN,BLUEBIRD,130000.0,200000.0
NISSAN,BLUEBIRD SYLPHY,280000.0,350000.0
NISSAN,CARAVAN,326250.0,600000.0
NISSAN,CEDRIC,272500.0,499975.0
NISSAN,CEFIRO,170000.0,295000.0
NISSAN,CIMA,562500.0,605000.0
NISSAN,CLIPPER RIO,242500.0,347500.0
NISSAN,CUBE,175000.0,580000.0
NISSAN,DATSUN,440000.0,710000.0
NISSAN,DAYZ,650000.0,799000.0
NISSAN,DAYZ ROOX,730000.0,894500.0
NISSAN,ELGRAND,762500.0,1852500.0
NISSAN,EXPERT,187500.0,263750.0
NISSAN,FAIRLADY Z,1600000.0,2000000.0
NISSAN,FUGA,712500.0,1725000.0
NISSAN,GT R,5500000.0,9075000.0
NISSAN,GLORIA,307500.0,520000.0
NISSAN,HOMY,135000.0,235000.0
NISSAN,JUKE,940000.0,1191813.0
NISSAN,JUKE NISMO,1192500.0,1467500.0
NISSAN,KICKS,1556250.0,1963750.0
NISSAN,KIX,488750.0,596750.0
NISSAN,LAFESTA,618749.75,910000.0
NISSAN,LANGLEY,81500.0,120500.0
NISSAN,LARGO,200000.0,340000.0
NISSAN,LATIO,738500.0,781000.0
NISSAN,LAUREL,232250.0,450000.0
NISSAN,LEAF,500000.0,685000.0
NISSAN,LEOPARD,373750.0,693750.0
NISSAN,LIBERTY,290000.0,385000.0
NISSAN,LUCINO,127500.0,269250.0
NISSAN,MARCH,193750.0,320000.0
NISSAN,MAXIMA,200000.0,400000.0
NISSAN,MICRA,250000.0,395000.0
NISSAN,MISTRAL,335000.0,422500.0
NISSAN,MOCO,421250.0,510000.0
NISSAN,MURANO,975000.0,2330000.0
NISSAN,NP300,800000.0,1200000.0
NISSAN,NV100 CLIPPER,543750.0,707250.0
NISSAN,NV200,963749.25,1350000.0
NISSAN,NV350 CARAVAN,1475000.0,1875000.0
NISSAN,NAVARA,900000.0,1300000.0
NISSAN,NOTE,550000.0,967000.0
NISSAN,PATHFINDER,869500.0,1780000.0
NISSAN,PATROL,850000.0,2150000.0
NISSAN,PIXO,392000.0,392000.0
NISSAN,PRAIRIE,129750.0,293750.0
NISSAN,PRESAGE,295000.0,400000.0
NISSAN,PRESEA,116250.0,197500.0
NISSAN,PRESIDENT,809250.0,2550000.0
NISSAN,PRIMASTAR,999999.0,1490000.0
NISSAN,PRIMERA,165000.0,340000.0
NISSAN,PULSAR,115000.0,175000.0
NISSAN,QASHQAI,1020000.0,1690000.0
NISSAN,QASHQAI+2,940000.0,1175000.0
NISSAN,QUEST,975000.0,2015000.0
NISSAN,R'NESSA,202500.0,343899.75
NISSAN,RASHEEN,463750.0,541000.0
NISSAN,ROGUE,1750000.0,2199000.0
NISSAN,ROGUE SPORT,1690000.0,1925000.0
NISSAN,SAFARI,632500.0,1337500.0
NISSAN,SENTRA,849777.0,1136000.0
NISSAN,SERENA,600000.0,1748000.0
NISSAN,SILVIA,1100000.0,2700000.0
NISSAN,SKYLINE,400000.0,980000.0
NISSAN,STAGEA,490000.0,640000.0
NISSAN,SUNNY,150000.0,240000.0
NISSAN,TEANA,740000.0,1200000.0
NISSAN,TERRA,4455500.0,4766500.0
NISSAN,TERRANO,650000.0,1130000.0
NISSAN,TERRANO REGULUS,310000.0,435000.0
NISSAN,TIIDA,465000.0,687500.0
NISSAN,TINO,270000.0,345000.0
NISSAN,TITAN,1625000.0,2675000.0
NISSAN,VANETTE,242500.0,450000.0
NISSAN,WINGROAD,255000.0,620000.0
NISSAN,X TRAIL,1075000.0,1829000.0
NISSAN,XTERRA,672500.0,1385000.0
OMODA,C5,2335000.0,2604500.0
OPEL,ADMIRAL,80000.0,80000.0
OPEL,AGILA,220000.0,376250.0
OPEL,ANTARA,800000.0,1145000.0
OPEL,ASCONA,70000.0,135000.0
OPEL,ASTRA,350000.0,650000.0
OPEL,ASTRA OPC,710000.0,1499999.25
OPEL,CALIBRA,146000.0,262500.0
OPEL,CASCADA,1792500.0,1797500.0
OPEL,COMBO,359000.0,509000.0
OPEL,COMMODORE,750000.0,750000.0
OPEL,CORSA,290000.0,466250.0
OPEL,CROSSLAND X,1410000.0,1715000.0
OPEL,FRONTERA,240000.0,420000.0
OPEL,GRANDLAND X,1842500.0,2036250.0
OPEL,INSIGNIA,750000.0,1296750.0
OPEL,INSIGNIA OPC,1081250.0,1237500.0
OPEL,KADETT,70000.0,155000.0
OPEL,KAPITAN,800000.0,800000.0
OPEL,MANTA,362500.0,475000.0
OPEL,MERIVA,365000.0,720000.0
OPEL,MOKKA,960000.0,1249000.0
OPEL,MONTEREY,419000.0,580000.0
OPEL,MONZA,550000.0,550000.0
OPEL,OLYMPIA,330000.0,610000.0
OPEL,OMEGA,105000.0,245000.0
OPEL,P4,100000.0,100000.0
OPEL,REKORD,104250.0,291250.0
OPEL,SENATOR,103000.0,153000.0
OPEL,SIGNUM,400000.0,600000.0
OPEL,SINTRA,243750.0,342500.0
OPEL,SUPER SIX,450000.0,1950000.0
OPEL,TIGRA,137000.0,405000.0
OPEL,VECTRA,120000.0,350000.0
OPEL,VECTRA OPC,759000.0,885000.0
OPEL,VITA,160000.0,262500.0
OPEL,VIVARO,792500.0,2137500.0
OPEL,ZAFIRA,444250.0,750000.0
OPEL,ZAFIRA LIFE,3725000.0,4425000.0
PEUGEOT,1007,400000.0,420000.0
PEUGEOT,106,100000.0,100000.0
PEUGEOT,107,360000.0,480000.0
PEUGEOT,2008,801250.0,1937500.0
PEUGEOT,205,75000.0,75000.0
PEUGEOT,206,150000.0,240000.0
PEUGEOT,207,350000.0,456000.0
PEUGEOT,208,631250.0,721250.0
PEUGEOT,208 GTI,1485000.0,1485000.0
PEUGEOT,3008,715000.0,1940000.0
PEUGEOT,301,480000.0,605000.0
PEUGEOT,306,165000.0,255000.0
PEUGEOT,307,250000.0,355000.0
PEUGEOT,308,440000.0,550000.0
PEUGEOT,309,53000.0,53000.0
PEUGEOT,4007,800000.0,1080000.0
PEUGEOT,4008,945000.0,1230000.0
PEUGEOT,405,70000.0,135000.0
PEUGEOT,406,150000.0,280000.0
PEUGEOT,407,320000.0,440000.0
PEUGEOT,408,550000.0,687000.0
PEUGEOT,5008,1870000.0,2500000.0
PEUGEOT,504,95000.0,95000.0
PEUGEOT,508,799999.0,1500000.0
PEUGEOT,605,116250.0,157500.0
PEUGEOT,607,300000.0,525000.0
PEUGEOT,806,270000.0,270000.0
PEUGEOT,807,365000.0,500000.0
PEUGEOT,BIPPER,675000.0,675000.0
PEUGEOT,EXPERT,1695000.0,3174250.0
PEUGEOT,PARTNER,310000.0,700000.0
PEUGEOT,PICK UP,2269900.0,2269900.0
PEUGEOT,RCZ,1150000.0,1420000.0
PEUGEOT,RIFTER,1873750.0,1881250.0
PEUGEOT,TRAVELLER,2500000.0,3444444.0
POLESTAR,2,4112500.0,4385000.0
PORSCHE,356,4520000.0,8395000.0
PORSCHE,911,6500000.0,17000000.0
PORSCHE,911 GT3,12500000.0,18250000.0
PORSCHE,924,724999.5,3306693.5
PORSCHE,928,2550000.0,3900000.0
PORSCHE,944,2725000.0,3500000.0
PORSCHE,968,4000000.0,4000000.0
PORSCHE,BOXSTER,2499750.0,7050000.0
PORSCHE,CAYENNE,1800000.0,7150000.0
PORSCHE,CAYMAN,4075000.0,7374750.0
PORSCHE,CAYMAN GT4,10500000.0,10500000.0
PORSCHE,MACAN,3100000.0,5835700.0
PORSCHE,PANAMERA,3162500.0,8900000.0
PORSCHE,TAYCAN,11600000.0,14700000.0
RAM,1500,6000000.0,8170000.0
RAVON,GENTRA,572250.0,733000.0
RAVON,MATIZ,252500.0,425000.0
RAVON,NEXIA R3,610000.0,800000.0
RAVON,R2,690000.0,890000.0
RAVON,R4,650000.0,945000.0
RENAULT,18,46250.0,58750.0
RENAULT,19,70500.0,117500.0
RENAULT,21,63750.0,81250.0
RENAULT,25,75000.0,160000.0
RENAULT,ARKANA,1735000.0,1944000.0
RENAULT,CAPTUR,1442500.0,1570000.0
RENAULT,CLIO,152875.0,350000.0
RENAULT,CLIO RS,805000.0,1234500.0
RENAULT,DOKKER,1142000.0,1340000.0
RENAULT,DUSTER,907500.0,1390000.0
RENAULT,ESPACE,481750.0,1795000.0
RENAULT,FLUENCE,530000.0,770000.0
RENAULT,KADJAR,1650000.0,1880000.0
RENAULT,KANGOO,250000.0,580000.0
RENAULT,KAPTUR,1455000.0,1839000.0
RENAULT,KOLEOS,890000.0,2297000.0
RENAULT,LAGUNA,200000.0,530000.0
RENAULT,LATITUDE,705000.0,850000.0
RENAULT,LOGAN,302000.0,660000.0
RENAULT,MEGANE,320000.0,633000.0
RENAULT,MEGANE RS,1563750.0,2000000.0
RENAULT,MODUS,348750.0,440000.0
RENAULT,SAFRANE,110000.0,197500.0
RENAULT,SANDERO,550000.0,953440.0
RENAULT,SCENIC,340000.0,795000.0
RENAULT,SYMBOL,185000.0,350000.0
RENAULT,TALISMAN,1587500.0,1820000.0
RENAULT,TRAFIC,596250.0,1550000.0
RENAULT,TWINGO,122500.0,222500.0
RENAULT,VEL SATIS,375000.0,485000.0
RENAULT,WIND,1202500.0,1667500.0
RENAULT,ZOE,1159495.0,1734500.0
RENAULT SAMSUNG,QM3,1430000.0,1600000.0
RENAULT SAMSUNG,QM6,1951659.0,2389250.0
RENAULT SAMSUNG,SM3,1500000.0,1500000.0
RENAULT SAMSUNG,SM6,1690000.0,2199000.0
RENAULT SAMSUNG,XM3,1899000.0,2250000.0
ROLLS-ROYCE,20/25,9260000.0,9260000.0
ROLLS-ROYCE,CULLINAN,45199037.5,65459615.0
ROLLS-ROYCE,DAWN,34262884.5,50788653.5
ROLLS-ROYCE,GHOST,12000000.0,46000000.0
ROLLS-ROYCE,PHANTOM,14000000.0,35000000.0
ROLLS-ROYCE,SILVER CLOUD,7300000.0,7300000.0
ROLLS-ROYCE,SILVER SPIRIT,6500000.0,6500000.0
ROLLS-ROYCE,SILVER SPUR,3339807.5,12939807.5
ROLLS-ROYCE,WRAITH,15125000.0,25750000.0
ROVER,200,100000.0,150000.0
ROVER,25,169500.0,375000.0
ROVER,400,120000.0,193750.0
ROVER,45,121250.0,281250.0
ROVER,600,212500.0,270000.0
ROVER,75,250000.0,400000.0
ROVER,800,158750.0,286250.0
ROVER,P6,1300000.0,1300000.0
ROVER,SD1,315000.0,315000.0
ROVER,STREETWISE,550000.0,550000.0
SEAT,ALHAMBRA,370000.0,1200000.0
SEAT,ALTEA,681000.0,1192500.0
SEAT,ARONA,1355000.0,1425000.0
SEAT,AROSA,193000.0,207500.0
SEAT,ATECA,2181500.0,2260500.0
SEAT,CORDOBA,138750.0,320000.0
SEAT,IBIZA,246250.0,594750.0
SEAT,INCA,335000.0,345000.0
SEAT,LEON,645000.0,996250.0
SEAT,LEON CUPRA,1150000.0,1425000.0
SEAT,TARRACO,2237500.0,2412500.0
SEAT,TOLEDO,75000.0,220000.0
SCION,FR S,1700000.0,1700000.0
SCION,IM,1425000.0,1475000.0
SCION,TC,560000.0,885000.0
SCION,XA,492499.25,577499.75
SCION,XB,485000.0,1100000.0
SKODA,105 120,420000.0,420000.0
SKODA,FABIA,340000.0,550000.0
SKODA,FABIA RS,799000.0,1000070.0
SKODA,FELICIA,75000.0,150000.0
SKODA,FORMAN,105000.0,135000.0
SKODA,KAMIQ,2669000.0,2900000.0
SKODA,KAROQ,2337000.0,2600000.0
SKODA,KODIAQ,2340000.0,2850000.0
SKODA,KODIAQ RS,3959250.0,4683750.0
SKODA,OCTAVIA,505000.0,1579000.0
SKODA,OCTAVIA RS,960000.0,1650000.0
SKODA,RAPID,949000.0,1649000.0
SKODA,ROOMSTER,492500.0,720000.0
SKODA,SUPERB,749000.0,1829500.0
SKODA,YETI,712500.0,1150000.0
SMART,#1,5150000.0,5150000.0
SMART,FORFOUR,582500.0,1182500.0
SMART,FORTWO,450000.0,900000.0
SMART,ROADSTER,784750.0,1087500.0
SSANGYONG,ACTYON,795000.0,1000000.0
SSANGYONG,ACTYON SPORTS,477500.0,750000.0
SSANGYONG,CHAIRMAN,3000000.0,3000000.0
SSANGYONG,ISTANA,250000.0,392500.0
SSANGYONG,KORANDO,450000.0,2036826.0
SSANGYONG,KORANDO FAMILY,160000.0,160000.0
SSANGYONG,KORANDO SPORTS,856000.0,1000000.0
SSANGYONG,KORANDO TURISMO,2000000.0,2520000.0
SSANGYONG,KYRON,575000.0,700000.0
SSANGYONG,MUSSO,250000.0,307500.0
SSANGYONG,REXTON,600000.0,2000005.0
SSANGYONG,REXTON SPORTS,2480000.0,3800000.0
SSANGYONG,RODIUS,616250.0,982499.25
SSANGYONG,STAVIC,1385000.0,1510000.0
SSANGYONG,TIVOLI,1200000.0,1731213.0
SSANGYONG,TORRES,3417258.25,3571222.75
SUBARU,ALCYONE,720000.0,720000.0
SUBARU,ASCENT,5960000.0,5960000.0
SUBARU,BRZ,1817500.0,2412500.0
SUBARU,BAJA,847000.0,847000.0
SUBARU,CROSSTREK,1800000.0,2431000.0
SUBARU,DIAS WAGON,550000.0,550000.0
SUBARU,DOMINGO,145000.0,185000.0
SUBARU,EXIGA,618300.0,852500.0
SUBARU,FORESTER,726250.0,1947500.0
SUBARU,IMPREZA,340000.0,685000.0
SUBARU,IMPREZA WRX,595000.0,1012500.0
SUBARU,IMPREZA WRX STI,989999.5,1700000.0
SUBARU,JUSTY,334995.0,912500.0
SUBARU,LEGACY,315000.0,790000.0
SUBARU,LEGACY LANCASTER,283750.0,452500.0
SUBARU,LEONE,86250.0,138750.0
SUBARU,LEVORG,1380000.0,1600000.0
SUBARU,OUTBACK,850000.0,2100000.0
SUBARU,PLEO,237500.0,397500.0
SUBARU,PLEO PLUS,495000.0,590000.0
SUBARU,R2,225000.0,333000.0
SUBARU,SVX,790000.0,4700000.0
SUBARU,SAMBAR,240000.0,441000.0
SUBARU,STELLA,403750.0,645000.0
SUBARU,TRAVIQ,312500.0,380000.0
SUBARU,TREZIA,702500.0,837500.0
SUBARU,TRIBECA,732000.0,955000.0
SUBARU,VIVIO,120000.0,140000.0
SUBARU,WRX,1812500.0,2937500.0
SUBARU,WRX STI,2475000.0,3437500.0
SUBARU,XV,1249247.5,1650000.0
SUZUKI,APV,950000.0,950000.0
SUZUKI,AERIO,287500.0,370000.0
SUZUKI,ALTO,366250.0,549750.0
SUZUKI,ALTO LAPIN,755000.0,755000.0
SUZUKI,BALENO,142500.0,2164591.75
SUZUKI,CARRY,199999.0,199999.0
SUZUKI,CELERIO,1210000.0,1210000.0
SUZUKI,CERVO,350000.0,350000.0
SUZUKI,CIAZ,1950000.0,2150000.0
SUZUKI,CULTUS,140000.0,215000.0
SUZUKI,ERTIGA,2312000.0,2397000.0
SUZUKI,ESCUDO,318750.0,730000.0
SUZUKI,ESTEEM,170000.0,284500.0
SUZUKI,EVERY,328750.0,750000.0
SUZUKI,FORENZA,345000.0,400000.0
SUZUKI,GRAND VITARA,530000.0,960000.0
SUZUKI,HUSTLER,720000.0,939000.0
SUZUKI,IGNIS,330000.0,922250.0
SUZUKI,JIMNY,750000.0,1900000.0
SUZUKI,KEI,215000.0,314500.0
SUZUKI,KIZASHI,797500.0,1012500.0
SUZUKI,LANDY,874250.0,1162500.0
SUZUKI,LIANA,350000.0,449000.0
SUZUKI,MR WAGON,266500.0,316500.0
SUZUKI,PALETTE,480000.0,680000.0
SUZUKI,RENO,360000.0,360000.0
SUZUKI,SX4,672000.0,999000.0
SUZUKI,SAMURAI,312500.0,625000.0
SUZUKI,SIDEKICK,137500.0,152500.0
SUZUKI,SOLIO,850000.0,1050000.0
SUZUKI,SPACIA,642500.0,772500.0
SUZUKI,SPLASH,559750.0,714997.5
SUZUKI,SWIFT,417250.0,900750.0
SUZUKI,VITARA,1420000.0,1899000.0
SUZUKI,WAGON R,267500.0,692250.0
SUZUKI,WAGON R+,180000.0,290000.0
SUZUKI,X 90,987500.0,1050000.0
SUZUKI,XL7,717500.0,874500.0
SUZUKI,XBEE,1317500.0,1450000.0
TATA,TELCOLINE,200000.0,300000.0
TATA,XENON,999000.0,999000.0
TANK,300,3385000.0,4170000.0
TANK,500,5000000.0,6400000.0
TESLA,MODEL 3,2960000.0,3600000.0
TESLA,MODEL S,2790000.0,3900000.0
TESLA,MODEL X,4800000.0,6150000.0
TESLA,MODEL Y,4637500.0,5500000.0
TOYOTA,4RUNNER,320000.0,1550000.0
TOYOTA,ALLEX,470000.0,553750.0
TOYOTA,ALLION,600000.0,1150000.0
TOYOTA,ALPHARD,1892500.0,4600000.0
TOYOTA,ALTEZZA,610000.0,960000.0
TOYOTA,AQUA,874000.0,1200000.0
TOYOTA,ARISTO,597500.0,894000.0
TOYOTA,AURIS,600000.0,800000.0
TOYOTA,AVALON,2025000.0,3708000.0
TOYOTA,AVENSIS,553750.0,799900.0
TOYOTA,AVENSIS VERSO,503750.0,563250.25
TOYOTA,AYGO,430000.0,450000.0
TOYOTA,BELTA,451250.0,661250.0
TOYOTA,BREVIS,585000.0,807500.0
TOYOTA,C HR,1750000.0,2149000.0
TOYOTA,CALDINA,190000.0,397000.0
TOYOTA,CAMI,309500.0,454500.0
TOYOTA,CAMRY,1370000.0,3000000.0
TOYOTA,CAMRY SOLARA,520000.0,939000.0
TOYOTA,CARINA,125000.0,280000.0
TOYOTA,CARINA E,130000.0,235000.0
TOYOTA,CARINA ED,110000.0,286250.0
TOYOTA,CELICA,466250.0,800000.0
TOYOTA,CELSIOR,345000.0,716250.0
TOYOTA,CHASER,350000.0,780000.0
TOYOTA,COROLLA,440000.0,1187500.0
TOYOTA,COROLLA CROSS,2896750.0,3849750.0
TOYOTA,COROLLA II,125000.0,190000.0
TOYOTA,COROLLA LEVIN,230000.0,356250.0
TOYOTA,COROLLA RUMION,819894.5,1208000.0
TOYOTA,COROLLA SPACIO,300000.0,475000.0
TOYOTA,COROLLA VERSO,665000.0,757500.0
TOYOTA,CORONA,155000.0,299000.0
TOYOTA,CORONA EXIV,161250.0,298000.0
TOYOTA,CORSA,132500.0,205000.0
TOYOTA,CRESTA,250000.0,499500.0
TOYOTA,CROWN,300000.0,2300000.0
TOYOTA,CURREN,250000.0,350000.0
TOYOTA,CYNOS,145000.0,273750.0
TOYOTA,DUET,146250.0,226250.0
TOYOTA,ECHO,264500.0,356500.0
TOYOTA,ESQUIRE,1720000.0,1980000.0
TOYOTA,ESTIMA,289000.0,1049000.0
TOYOTA,FJ CRUISER,2550000.0,3350000.0
TOYOTA,FORTUNER,3097000.0,4299000.0
TOYOTA,FUNCARGO,345000.0,400000.0
TOYOTA,GT86,1623500.0,1990000.0
TOYOTA,GAIA,396750.0,498500.0
TOYOTA,GRAND HIACE,900000.0,950000.0
TOYOTA,GRANVIA,800000.0,8100000.0
TOYOTA,HARRIER,1750000.0,2840000.0
TOYOTA,HIACE,300000.0,2000000.0
TOYOTA,HIGHLANDER,1900000.0,4999999.0
TOYOTA,HILUX,2200000.0,4537000.0
TOYOTA,HILUX SURF,497000.0,950000.0
TOYOTA,ISIS,978000.0,1245000.0
TOYOTA,IPSUM,382500.0,649500.0
TOYOTA,IST,400000.0,455000.0
TOYOTA,KLUGER,722500.0,900000.0
TOYOTA,LAND CRUISER,2350000.0,5799000.0
TOYOTA,LAND CRUISER PRADO,2000000.0,5000000.0
TOYOTA,LITE ACE,207000.0,492500.0
TOYOTA,MR S,875000.0,1295000.0
TOYOTA,MARK II,395000.0,750000.0
TOYOTA,MARK X,997499.5,1715000.0
TOYOTA,MASTERACE SURF,155000.0,265000.0
TOYOTA,MATRIX,437500.0,585000.0
TOYOTA,NADIA,400000.0,530000.0
TOYOTA,NOAH,1470000.0,2049000.0
TOYOTA,OPA,365000.0,492500.0
TOYOTA,PASSO,550000.0,800000.0
TOYOTA,PASSO SETTE,650000.0,715000.0
TOYOTA,PICNIC,327500.0,553250.0
TOYOTA,PIXIS EPOCH,510000.0,650000.0
TOYOTA,PLATZ,230000.0,322000.0
TOYOTA,PORTE,499999.0,850000.0
TOYOTA,PREMIO,582000.0,1115000.0
TOYOTA,PREVIA,220000.0,650000.0
TOYOTA,PRIUS,755000.0,1500000.0
TOYOTA,PRIUS ALPHA,1100000.0,1350000.0
TOYOTA,PRIUS C,1146500.0,1363750.0
TOYOTA,PROACE,3000000.0,3960000.0
TOYOTA,PROBOX,416250.0,918000.0
TOYOTA,PROGRES,494500.0,650000.0
TOYOTA,RAV4,1495000.0,3200000.0
TOYOTA,RACTIS,595000.0,865000.0
TOYOTA,RAIZE,1270000.0,1750000.0
TOYOTA,RAUM,292500.0,580000.0
TOYOTA,REGIUS,600000.0,862500.0
TOYOTA,REGIUSACE,2475000.0,2475000.0
TOYOTA,ROOMY,970000.0,1108333.25
TOYOTA,RUSH,810000.0,2299000.0
TOYOTA,SAI,1270000.0,1649000.0
TOYOTA,SCEPTER,190000.0,270000.0
TOYOTA,SEQUOIA,3000000.0,14700000.0
TOYOTA,SERA,512500.0,1027500.0
TOYOTA,SIENNA,1885000.0,4234500.0
TOYOTA,SIENTA,1169000.0,1450000.0
TOYOTA,SOARER,612500.0,900000.0
TOYOTA,SPADE,807500.0,982500.0
TOYOTA,SPRINTER,120666.0,240000.0
TOYOTA,SPRINTER CARIB,152500.0,290000.0
TOYOTA,SPRINTER MARINO,155000.0,230000.0
TOYOTA,SPRINTER TRUENO,282750.0,440000.0
TOYOTA,STARLET,145000.0,250000.0
TOYOTA,SUCCEED,462250.0,1000000.0
TOYOTA,SUPRA,3250000.0,5999499.5
TOYOTA,TACOMA,2495000.0,6509882.0
TOYOTA,TANK,965000.0,1188742.5
TOYOTA,TERCEL,150000.0,210000.0
TOYOTA,TOURING HIACE,685000.0,700000.0
TOYOTA,TOWN ACE,250000.0,480000.0
TOYOTA,TUNDRA,2650000.0,10150000.0
TOYOTA,VANGUARD,1099000.0,1400000.0
TOYOTA,VELLFIRE,2082500.0,3599250.0
TOYOTA,VENZA,1810000.0,2400000.0
TOYOTA,VEROSSA,575000.0,800000.0
TOYOTA,VERSO,950000.0,1197250.0
TOYOTA,VISTA,156000.0,380000.0
TOYOTA,VITZ,351000.0,847500.0
TOYOTA,VOLTZ,400000.0,495000.0
TOYOTA,VOXY,1550000.0,2159000.0
TOYOTA,WILL,276250.0,416250.0
TOYOTA,WILL CYPHA,350000.0,412500.0
TOYOTA,WINDOM,218750.0,462500.0
TOYOTA,WISH,950000.0,1250000.0
TOYOTA,YARIS,430000.0,629000.0
TOYOTA,BB,455000.0,755000.0
TOYOTA,IQ,600000.0,700000.0
VOLKSWAGEN,AMAROK,1400000.0,3277700.0
VOLKSWAGEN,ARTEON,2787694.25,3562250.0
VOLKSWAGEN,ATLAS,2770000.0,3945000.0
VOLKSWAGEN,BEETLE,500000.0,1400000.0
VOLKSWAGEN,BORA,220000.0,500000.0
VOLKSWAGEN,CADDY,475000.0,1250000.0
VOLKSWAGEN,CALIFORNIA,3939200.0,8445000.0
VOLKSWAGEN,CARAVELLE,1300000.0,2700000.0
VOLKSWAGEN,CORRADO,400000.0,675000.0
VOLKSWAGEN,EOS,950000.0,1450000.0
VOLKSWAGEN,EUROVAN,530000.0,970000.0
VOLKSWAGEN,FOX,285000.0,377500.0
VOLKSWAGEN,GOLF,200000.0,800000.0
VOLKSWAGEN,GOLF GTI,795000.0,2430000.0
VOLKSWAGEN,GOLF PLUS,580000.0,748000.0
VOLKSWAGEN,GOLF R,2012500.0,3745000.0
VOLKSWAGEN,ID.4,3450000.0,4450000.0
VOLKSWAGEN,ID.6,4350000.0,5200000.0
VOLKSWAGEN,ID.BUZZ,8100000.0,8100000.0
VOLKSWAGEN,JETTA,545000.0,950000.0
VOLKSWAGEN,LUPO,185000.0,262500.0
VOLKSWAGEN,MAGOTAN,3950000.0,3950000.0
VOLKSWAGEN,MULTIVAN,1860000.0,5230500.0
VOLKSWAGEN,PASSAT,230000.0,980000.0
VOLKSWAGEN,PASSAT,1450000.0,1800000.0
VOLKSWAGEN,PASSAT CC,950000.0,1200000.0
VOLKSWAGEN,PHAETON,877500.0,1560000.0
VOLKSWAGEN,POINTER,150000.0,220000.0
VOLKSWAGEN,POLO,600000.0,1157500.0
VOLKSWAGEN,POLO GTI,2369000.0,2675000.0
VOLKSWAGEN,ROUTAN,1420000.0,1420000.0
VOLKSWAGEN,SANTANA,100000.0,130000.0
VOLKSWAGEN,SCIROCCO,880000.0,1237500.0
VOLKSWAGEN,SHARAN,300000.0,599000.0
VOLKSWAGEN,T CROSS,1638750.0,2225000.0
VOLKSWAGEN,T ROC,2449299.0,2800000.0
VOLKSWAGEN,TALAGON,5100000.0,5100000.0
VOLKSWAGEN,TAOS,2700000.0,3200000.0
VOLKSWAGEN,TARO,1250000.0,1250000.0
VOLKSWAGEN,TAVENDOR,5380000.0,5530000.0
VOLKSWAGEN,TAYRON,3855000.0,3855000.0
VOLKSWAGEN,TERAMONT,3449000.0,5250000.0
VOLKSWAGEN,THARU,3044500.0,3622500.0
VOLKSWAGEN,TIGUAN,1100000.0,2620000.0
VOLKSWAGEN,TIGUAN R,6500000.0,6500000.0
VOLKSWAGEN,TOUAREG,1000000.0,3650000.0
VOLKSWAGEN,TOURAN,580000.0,949000.0
VOLKSWAGEN,TRANSPORTER,300000.0,970000.0
VOLKSWAGEN,TYPE 1,850000.0,1345000.0
VOLKSWAGEN,TYPE 2,700000.0,1200000.0
VOLKSWAGEN,VENTO,81000.0,150000.0
VOLKSWAGEN,VILORAN,5061250.0,6581250.0
VOLKSWAGEN,UP!,650000.0,850000.0
VOLVO,140 SERIES,280000.0,340000.0
VOLVO,240 SERIES,150000.0,308000.0
VOLVO,300 SERIES,107500.0,167500.0
VOLVO,440,86250.0,126250.0
VOLVO,460,100000.0,173750.0
VOLVO,480,82500.0,172500.0
VOLVO,740,130000.0,250000.0
VOLVO,760,215000.0,337500.0
VOLVO,850,145000.0,275000.0
VOLVO,940,149500.0,285000.0
VOLVO,960,205000.0,380000.0
VOLVO,C30,592500.0,775000.0
VOLVO,C70,1167500.0,1839500.0
VOLVO,LAPLANDER,3000000.0,3000000.0
VOLVO,PV544,850000.0,850000.0
VOLVO,S40,350000.0,630750.0
VOLVO,S60,580000.0,1400000.0
VOLVO,S60 CROSS COUNTRY,2175000.0,2370241.0
VOLVO,S70,207250.0,300000.0
VOLVO,S80,400000.0,1050000.0
VOLVO,S90,2692500.0,3797055.5
VOLVO,V40,198750.0,1324750.0
VOLVO,V40 CROSS COUNTRY,1100000.0,1585000.0
VOLVO,V50,637250.0,827500.0
VOLVO,V60,1620500.0,2317444.25
VOLVO,V60 CROSS COUNTRY,3199250.0,3980000.0
VOLVO,V70,350000.0,820000.0
VOLVO,V90,2610000.0,2999500.0
VOLVO,V90 CROSS COUNTRY,3100000.0,4067500.0
VOLVO,XC40,3000000.0,3822000.0
VOLVO,XC60,1440000.0,3198000.0
VOLVO,XC70,1000000.0,1549000.0
VOLVO,XC90,970000.0,4500000.0
VORTEX,CORDA,129975.0,208000.0
VORTEX,ESTINA,210000.0,280000.0
VORTEX,TINGO,340000.0,500000.0
VOYAH,DREAM,5945000.0,8590000.0
VOYAH,FREE,4050000.0,6100000.0
VOYAH,PASSION,8290000.0,8290000.0
ZEEKR,001,6800000.0,7800000.0
ZEEKR,009,8680000.0,11720000.0
ZEEKR,X,4723500.0,5230201.0
ZOTYE,COUPA,1372500.0,1550000.0
ZOTYE,NOMAD,301528.0,301528.0
ZOTYE,T600,999999.0,1269700.0
ГАЗ,12 ЗИМ,1572500.0,4425000.0
ГАЗ,13 «ЧАЙКА»,4788888.5,11499500.0
ГАЗ,14 «ЧАЙКА»,1300000.0,2999000.0
ГАЗ,21 «ВОЛГА»,260000.0,1200000.0
ГАЗ,22 «ВОЛГА»,150000.0,380000.0
ГАЗ,2330 «ТИГР»,8200000.0,9749999.5
ГАЗ,24 «ВОЛГА»,100000.0,562500.0
ГАЗ,3102 «ВОЛГА»,100000.0,200000.0
ГАЗ,31022 «ВОЛГА»,116250.0,138750.0
ГАЗ,310221 «ВОЛГА»,127500.0,223750.0
ГАЗ,31029 «ВОЛГА»,60000.0,110000.0
ГАЗ,3110 «ВОЛГА»,70000.0,160000.0
ГАЗ,31105 «ВОЛГА»,98000.0,180000.0
ГАЗ,3111 «ВОЛГА»,837500.0,1012500.0
ГАЗ,46,5500000.0,5500000.0
ГАЗ,64,100000.0,100000.0
ГАЗ,69,150000.0,500000.0
ГАЗ,VOLGA SIBER,320000.0,450000.0
ГАЗ,ГАЗ 67,350000.0,1000112.5
ГАЗ,М 20 «ПОБЕДА»,150000.0,535000.0
ГАЗ,М1,10745000.0,17250000.0
ЗАЗ,1102 «ТАВРИЯ»,40000.0,99000.0
ЗАЗ,1103 «СЛАВУТА»,70000.0,110899.75
ЗАЗ,1105 «ДАНА»,95000.0,140000.0
ЗАЗ,965,100000.0,420000.0
ЗАЗ,966,50000.0,350000.0
ЗАЗ,968,35000.0,150000.0
ЗАЗ,CHANCE,100000.0,200000.0
ЗАЗ,LANOS,121000.0,240000.0
ЗАЗ,SENS,85000.0,160000.0
ЗАЗ,VIDA,354500.0,450000.0
ИЖ,2125 «КОМБИ»,55500.0,150000.0
ИЖ,2126 «ОДА»,50000.0,100000.0
ИЖ,21261 «ФАБУЛА»,76750.0,110000.0
ИЖ,2715,70000.0,115000.0
ИЖ,2717,75000.0,130000.0
ИЖ,27175,120000.0,183000.0
ИЖ,МОСКВИЧ 412,55000.0,150000.0
ЛУАЗ,1302 ВОЛЫНЬ,325000.0,425000.0
ЛУАЗ,967,280000.0,500000.0
ЛУАЗ,969,65000.0,150000.0
МОСКВИЧ,2137,115000.0,165000.0
МОСКВИЧ,2138,250000.0,250000.0
МОСКВИЧ,2140,68750.0,180000.0
МОСКВИЧ,2141,50000.0,100000.0
МОСКВИЧ,3,1976750.0,2244637.5
МОСКВИЧ,400,240000.0,625000.0
МОСКВИЧ,401,183750.0,600000.0
МОСКВИЧ,402,115000.0,140000.0
МОСКВИЧ,403,67250.0,285000.0
МОСКВИЧ,407,75000.0,405000.0
МОСКВИЧ,408,66250.0,136250.0
МОСКВИЧ,410,162500.0,325249.75
МОСКВИЧ,412,70000.0,150000.0
МОСКВИЧ,423,412500.0,637500.0
МОСКВИЧ,426,255000.0,485000.0
МОСКВИЧ,427,242500.0,375000.0
МОСКВИЧ,КНЯЗЬ ВЛАДИМИР,250000.0,495000.0
МОСКВИЧ,СВЯТОГОР,80000.0,152500.0
ТАГАЗ,AQUILA,599250.0,1225000.0
ТАГАЗ,C 30,414250.0,442750.0
ТАГАЗ,C10,223749.25,352500.0
ТАГАЗ,C190,360000.0,470000.0
ТАГАЗ,ROAD PARTNER,355000.0,595000.0
ТАГАЗ,TAGER,479000.0,620000.0
ТАГАЗ,VEGA,230000.0,350000.0
УАЗ,3151,100000.0,300000.0
УАЗ,3153,295000.0,485000.0
УАЗ,3159,475000.0,695000.0
УАЗ,3160,207500.0,291250.0
УАЗ,3162 SIMBIR,241250.0,345000.0
УАЗ,469,150000.0,250000.0
УАЗ,HUNTER,250000.0,420000.0
УАЗ,PATRIOT,670000.0,975000.0
УАЗ,PICKUP,562500.0,870000.0
